particulares,aseguradoras,aseguradoras_enfermedad,aseguradoreas_trafico,mutuas,a√±o,ncodi,tipo_hospitalizacion
0.0,0,0.0,0.0,0.0,2017,1026.0,hospdia
0.0,0,0.0,0.0,0.0,2017,1068.0,hospdia
0.0,0,0.0,0.0,0.0,2017,1108.0,hospdia
176625.0,0,0.0,0.0,0.0,2017,404.0,hospdia
6944.0,984073,984073.0,0.0,0.0,2017,270.0,hospdia
0.0,0,0.0,0.0,0.0,2017,676.0,hospdia
0.0,0,0.0,0.0,0.0,2017,709.0,hospdia
0.0,0,0.0,0.0,0.0,2017,754.0,hospdia
0.0,0,0.0,0.0,0.0,2017,997.0,hospdia
0.0,0,0.0,0.0,0.0,2017,1069.0,hospdia
13853.0,983722,983722.0,0.0,0.0,2017,1118.0,hospdia
0.0,0,0.0,0.0,0.0,2017,544.0,hospdia
420.0,1914,1914.0,0.0,0.0,2017,804.0,hospdia
0.0,0,0.0,0.0,0.0,2017,104.0,hospdia
0.0,0,0.0,0.0,0.0,2017,20.0,hospdia
0.0,3346,3346.0,0.0,0.0,2017,550.0,hospdia
0.0,0,0.0,0.0,0.0,2017,112.0,hospdia
0.0,0,0.0,0.0,0.0,2017,818.0,hospdia
0.0,0,0.0,0.0,0.0,2017,882.0,hospdia
0.0,0,0.0,0.0,0.0,2017,914.0,hospdia
42667.0,296662,296662.0,0.0,0.0,2017,928.0,hospdia
0.0,0,0.0,0.0,0.0,2017,964.0,hospdia
0.0,1300,1300.0,0.0,650.0,2017,734.0,hospdia
0.0,0,0.0,0.0,0.0,2017,299.0,hospdia
0.0,0,0.0,0.0,0.0,2017,645.0,hospdia
0.0,0,0.0,0.0,0.0,2017,17.0,hospdia
0.0,0,0.0,0.0,0.0,2017,1046.0,hospdia
0.0,0,0.0,0.0,0.0,2017,420.0,hospdia
0.0,0,0.0,0.0,0.0,2017,802.0,hospdia
0.0,0,0.0,0.0,0.0,2017,266.0,hospdia
0.0,0,0.0,0.0,0.0,2017,137.0,hospdia
0.0,0,0.0,0.0,0.0,2017,769.0,hospdia
0.0,0,0.0,0.0,0.0,2017,776.0,hospdia
0.0,0,0.0,0.0,0.0,2017,286.0,hospdia
0.0,0,0.0,0.0,0.0,2017,255.0,hospdia
0.0,0,0.0,0.0,0.0,2017,79.0,hospdia
0.0,0,0.0,0.0,0.0,2017,81.0,hospdia
0.0,0,0.0,0.0,0.0,2017,688.0,hospdia
0.0,0,0.0,0.0,0.0,2017,531.0,hospdia
0.0,0,0.0,0.0,0.0,2017,514.0,hospdia
0.0,0,0.0,0.0,0.0,2017,499.0,hospdia
0.0,0,0.0,0.0,0.0,2017,532.0,hospdia
0.0,0,0.0,0.0,0.0,2017,190.0,hospdia
0.0,0,0.0,0.0,59121.0,2017,598.0,hospdia
0.0,0,0.0,0.0,0.0,2017,211.0,hospdia
189.0,378,378.0,0.0,0.0,2017,773.0,hospdia
2340.0,15580,15580.0,0.0,0.0,2017,424.0,hospdia
0.0,79948,79948.0,0.0,0.0,2017,298.0,hospdia
0.0,0,0.0,0.0,0.0,2017,594.0,hospdia
0.0,0,0.0,0.0,0.0,2017,237.0,hospdia
0.0,0,0.0,0.0,0.0,2017,16.0,hospdia
204.0,1509,1509.0,0.0,0.0,2017,768.0,hospdia
3510.0,8580,8580.0,0.0,0.0,2017,617.0,hospdia
0.0,0,0.0,0.0,0.0,2017,297.0,hospdia
0.0,0,0.0,0.0,0.0,2017,105.0,hospdia
368633.0,16180883,16180883.0,0.0,0.0,2017,1024.0,hospdia
3000.0,0,0.0,0.0,0.0,2017,1017.0,hospdia
868002.0,17087594,17087594.0,0.0,0.0,2017,1000.0,hospdia
0.0,0,0.0,0.0,0.0,2017,1018.0,hospdia
0.0,0,0.0,0.0,0.0,2017,1001.0,hospdia
0.0,0,0.0,0.0,0.0,2017,1007.0,hospdia
0.0,0,0.0,0.0,0.0,2017,1008.0,hospdia
0.0,0,0.0,0.0,0.0,2017,1010.0,hospdia
0.0,0,0.0,0.0,0.0,2017,1011.0,hospdia
0.0,0,0.0,0.0,0.0,2017,1012.0,hospdia
0.0,0,0.0,0.0,0.0,2017,1013.0,hospdia
0.0,0,0.0,0.0,0.0,2017,1041.0,hospdia
0.0,0,0.0,0.0,0.0,2017,1073.0,hospdia
0.0,0,0.0,0.0,0.0,2017,1087.0,hospdia
0.0,0,0.0,0.0,0.0,2017,1109.0,hospdia
272230.0,3259446,3259446.0,0.0,0.0,2017,1110.0,hospdia
6938.0,253429,253429.0,0.0,0.0,2017,1112.0,hospdia
0.0,0,0.0,0.0,0.0,2017,1120.0,hospdia
0.0,0,0.0,0.0,3371.0,2017,1126.0,hospdia
0.0,0,0.0,0.0,0.0,2017,789.0,hospdia
0.0,0,0.0,0.0,0.0,2017,326.0,hospdia
12084.0,0,0.0,0.0,0.0,2017,442.0,hospdia
0.0,0,0.0,0.0,0.0,2017,294.0,hospdia
0.0,0,0.0,0.0,0.0,2017,378.0,hospdia
100320.0,466679,456640.0,10039.0,0.0,2017,402.0,hospdia
0.0,0,0.0,0.0,0.0,2017,29.0,hospdia
0.0,0,0.0,0.0,0.0,2017,450.0,hospdia
0.0,0,0.0,0.0,0.0,2017,656.0,hospdia
715846.0,12573,12573.0,0.0,1123.0,2017,333.0,hospdia
0.0,0,0.0,0.0,0.0,2017,684.0,hospdia
0.0,0,0.0,0.0,0.0,2017,422.0,hospdia
0.0,128748,128748.0,0.0,0.0,2017,763.0,hospdia
0.0,0,0.0,0.0,0.0,2017,741.0,hospdia
0.0,0,0.0,0.0,0.0,2017,553.0,hospdia
0.0,0,0.0,0.0,0.0,2017,357.0,hospdia
0.0,0,0.0,0.0,0.0,2017,899.0,hospdia
0.0,0,0.0,0.0,0.0,2017,900.0,hospdia
82646.0,39888,39888.0,0.0,0.0,2017,932.0,hospdia
0.0,0,0.0,0.0,0.0,2017,950.0,hospdia
0.0,0,0.0,0.0,0.0,2017,966.0,hospdia
0.0,0,0.0,0.0,0.0,2017,967.0,hospdia
0.0,0,0.0,0.0,0.0,2017,982.0,hospdia
0.0,0,0.0,0.0,0.0,2017,1014.0,hospdia
799525.0,1866328,1856849.0,9479.0,1585.0,2017,1080.0,hospdia
20000.0,827,827.0,0.0,0.0,2017,1074.0,hospdia
9666.0,8253,8253.0,0.0,195.0,2017,1084.0,hospdia
0.0,0,0.0,0.0,0.0,2017,1113.0,hospdia
0.0,0,0.0,0.0,0.0,2017,1137.0,hospdia
0.0,0,0.0,0.0,0.0,2017,1142.0,hospdia
0.0,0,0.0,0.0,0.0,2017,722.0,hospdia
0.0,13383,13383.0,0.0,0.0,2017,660.0,hospdia
0.0,0,0.0,0.0,0.0,2017,75.0,hospdia
96195.0,318666,318666.0,0.0,8514.0,2017,249.0,hospdia
0.0,0,0.0,0.0,0.0,2017,227.0,hospdia
0.0,0,0.0,0.0,0.0,2017,150.0,hospdia
0.0,0,0.0,0.0,0.0,2017,47.0,hospdia
0.0,0,0.0,0.0,0.0,2017,172.0,hospdia
0.0,0,0.0,0.0,0.0,2017,581.0,hospdia
0.0,0,0.0,0.0,0.0,2017,120.0,hospdia
0.0,0,0.0,0.0,0.0,2017,445.0,hospdia
0.0,0,0.0,0.0,0.0,2017,471.0,hospdia
0.0,0,0.0,0.0,0.0,2017,53.0,hospdia
0.0,0,0.0,0.0,0.0,2017,199.0,hospdia
10980.0,12574,9252.0,3322.0,45496.0,2017,575.0,hospdia
0.0,0,0.0,0.0,0.0,2017,528.0,hospdia
0.0,0,0.0,0.0,0.0,2017,631.0,hospdia
0.0,0,0.0,0.0,0.0,2017,699.0,hospdia
0.0,0,0.0,0.0,0.0,2017,823.0,hospdia
0.0,0,0.0,0.0,114.0,2017,849.0,hospdia
0.0,0,0.0,0.0,0.0,2017,869.0,hospdia
0.0,0,0.0,0.0,0.0,2017,955.0,hospdia
0.0,0,0.0,0.0,0.0,2017,983.0,hospdia
0.0,0,0.0,0.0,0.0,2017,1002.0,hospdia
0.0,0,0.0,0.0,0.0,2017,1015.0,hospdia
0.0,0,0.0,0.0,0.0,2017,51.0,hospdia
0.0,0,0.0,0.0,0.0,2017,441.0,hospdia
95461.0,0,0.0,0.0,0.0,2017,327.0,hospdia
0.0,0,0.0,0.0,0.0,2017,260.0,hospdia
0.0,0,0.0,0.0,0.0,2017,838.0,hospdia
877.0,1563,1563.0,0.0,0.0,2017,839.0,hospdia
0.0,0,0.0,0.0,0.0,2017,851.0,hospdia
0.0,0,0.0,0.0,0.0,2017,852.0,hospdia
0.0,0,0.0,0.0,0.0,2017,988.0,hospdia
0.0,0,0.0,0.0,0.0,2017,1056.0,hospdia
0.0,0,0.0,0.0,0.0,2017,1044.0,hospdia
0.0,0,0.0,0.0,0.0,2017,1114.0,hospdia
,0,0.0,0.0,0.0,2017,1129.0,hospdia
0.0,0,0.0,0.0,0.0,2017,644.0,hospdia
0.0,0,0.0,0.0,0.0,2017,915.0,hospdia
0.0,0,0.0,0.0,0.0,2017,942.0,hospdia
0.0,0,0.0,0.0,0.0,2017,1140.0,hospdia
0.0,203762,203762.0,0.0,0.0,2017,748.0,hospdia
0.0,0,0.0,0.0,0.0,2017,198.0,hospdia
0.0,0,0.0,0.0,0.0,2017,871.0,hospdia
0.0,0,0.0,0.0,0.0,2017,948.0,hospdia
0.0,0,0.0,0.0,0.0,2017,1051.0,hospdia
0.0,0,0.0,0.0,0.0,2017,1083.0,hospdia
0.0,0,0.0,0.0,0.0,2017,1096.0,hospdia
0.0,0,0.0,0.0,0.0,2017,679.0,hospdia
0.0,0,0.0,0.0,0.0,2017,752.0,hospdia
0.0,0,0.0,0.0,0.0,2017,238.0,hospdia
0.0,0,0.0,0.0,0.0,2017,325.0,hospdia
0.0,0,0.0,0.0,0.0,2017,622.0,hospdia
0.0,0,0.0,0.0,0.0,2017,879.0,hospdia
14414.0,2136685,2136685.0,0.0,2551.0,2017,906.0,hospdia
0.0,0,0.0,0.0,0.0,2017,370.0,hospdia
0.0,0,0.0,0.0,0.0,2017,418.0,hospdia
0.0,0,0.0,0.0,0.0,2017,574.0,hospdia
0.0,0,0.0,0.0,0.0,2017,399.0,hospdia
0.0,0,0.0,0.0,0.0,2017,195.0,hospdia
0.0,0,0.0,0.0,0.0,2017,783.0,hospdia
0.0,0,0.0,0.0,0.0,2017,263.0,hospdia
0.0,0,0.0,0.0,0.0,2017,194.0,hospdia
0.0,0,0.0,0.0,0.0,2017,214.0,hospdia
0.0,0,0.0,0.0,0.0,2017,785.0,hospdia
0.0,0,0.0,0.0,0.0,2017,780.0,hospdia
0.0,0,0.0,0.0,0.0,2017,782.0,hospdia
0.0,0,0.0,0.0,0.0,2017,369.0,hospdia
0.0,0,0.0,0.0,0.0,2017,713.0,hospdia
5250.0,9238,9238.0,0.0,0.0,2017,941.0,hospdia
0.0,0,0.0,0.0,0.0,2017,1091.0,hospdia
0.0,0,0.0,0.0,0.0,2017,1045.0,hospdia
0.0,0,0.0,0.0,0.0,2017,1086.0,hospdia
0.0,0,0.0,0.0,0.0,2017,937.0,hospdia
4361.0,226850,226850.0,0.0,0.0,2017,1004.0,hospdia
0.0,0,0.0,0.0,0.0,2017,737.0,hospdia
4801.0,38237,38237.0,0.0,29683.0,2017,765.0,hospdia
0.0,0,0.0,0.0,0.0,2017,637.0,hospdia
0.0,0,0.0,0.0,0.0,2017,88.0,hospdia
0.0,0,0.0,0.0,0.0,2017,907.0,hospdia
59540.0,108557,108557.0,0.0,0.0,2017,970.0,hospdia
0.0,0,0.0,0.0,0.0,2017,1019.0,hospdia
0.0,0,0.0,0.0,0.0,2017,1016.0,hospdia
0.0,0,0.0,0.0,0.0,2017,1047.0,hospdia
0.0,46511,46511.0,0.0,0.0,2017,635.0,hospdia
0.0,0,0.0,0.0,0.0,2017,640.0,hospdia
3314827.0,0,0.0,0.0,0.0,2017,315.0,hospdia
0.0,0,0.0,0.0,0.0,2017,40.0,hospdia
0.0,0,0.0,0.0,0.0,2017,508.0,hospdia
0.0,0,0.0,0.0,0.0,2017,46.0,hospdia
0.0,0,0.0,0.0,0.0,2017,590.0,hospdia
0.0,0,0.0,0.0,0.0,2017,777.0,hospdia
0.0,0,0.0,0.0,0.0,2017,897.0,hospdia
0.0,0,0.0,0.0,0.0,2017,965.0,hospdia
0.0,0,0.0,0.0,0.0,2017,461.0,hospdia
0.0,0,0.0,0.0,0.0,2017,376.0,hospdia
0.0,0,0.0,0.0,0.0,2017,621.0,hospdia
0.0,0,0.0,0.0,0.0,2017,793.0,hospdia
0.0,1600,1600.0,0.0,0.0,2017,1102.0,hospdia
0.0,7622,7622.0,0.0,0.0,2017,,hospdia
0.0,0,0.0,0.0,0.0,2017,712.0,hospdia
0.0,0,0.0,0.0,0.0,2017,32.0,hospdia
0.0,0,0.0,0.0,0.0,2017,361.0,hospdia
0.0,31226,0.0,31226.0,0.0,2017,486.0,hospdia
0.0,0,0.0,0.0,0.0,2017,595.0,hospdia
0.0,0,0.0,0.0,0.0,2017,433.0,hospdia
0.0,0,0.0,0.0,0.0,2017,1058.0,hospdia
0.0,0,0.0,0.0,0.0,2017,261.0,hospdia
0.0,0,0.0,0.0,0.0,2017,730.0,hospdia
0.0,0,0.0,0.0,0.0,2017,577.0,hospdia
0.0,0,0.0,0.0,0.0,2017,788.0,hospdia
0.0,0,0.0,0.0,0.0,2017,865.0,hospdia
0.0,0,0.0,0.0,0.0,2017,979.0,hospdia
0.0,0,0.0,0.0,0.0,2017,998.0,hospdia
0.0,0,0.0,0.0,0.0,2017,1072.0,hospdia
0.0,0,0.0,0.0,0.0,2017,221.0,hospdia
0.0,0,0.0,0.0,0.0,2017,506.0,hospdia
0.0,0,0.0,0.0,499.0,2017,727.0,hospdia
0.0,0,0.0,0.0,0.0,2017,355.0,hospdia
0.0,0,0.0,0.0,0.0,2017,487.0,hospdia
3170.0,57328,17648.0,39680.0,4178.0,2017,938.0,hospdia
0.0,0,0.0,0.0,0.0,2017,886.0,hospdia
0.0,0,0.0,0.0,0.0,2017,835.0,hospdia
0.0,0,0.0,0.0,0.0,2017,999.0,hospdia
10545.0,108484,108484.0,0.0,0.0,2017,798.0,hospdia
0.0,0,0.0,0.0,0.0,2017,504.0,hospdia
0.0,285148,285148.0,0.0,0.0,2017,247.0,hospdia
0.0,0,0.0,0.0,0.0,2017,216.0,hospdia
0.0,0,0.0,0.0,0.0,2017,654.0,hospdia
0.0,0,0.0,0.0,0.0,2017,65.0,hospdia
7895.0,13650,13650.0,0.0,0.0,2017,472.0,hospdia
0.0,0,0.0,0.0,0.0,2017,427.0,hospdia
0.0,0,0.0,0.0,0.0,2017,491.0,hospdia
0.0,0,0.0,0.0,0.0,2017,551.0,hospdia
0.0,0,0.0,0.0,0.0,2017,106.0,hospdia
0.0,0,0.0,0.0,0.0,2017,819.0,hospdia
0.0,0,0.0,0.0,0.0,2017,836.0,hospdia
0.0,0,0.0,0.0,0.0,2017,176.0,hospdia
0.0,0,0.0,0.0,0.0,2017,537.0,hospdia
0.0,0,0.0,0.0,0.0,2017,608.0,hospdia
0.0,0,0.0,0.0,0.0,2017,596.0,hospdia
0.0,0,0.0,0.0,0.0,2017,749.0,hospdia
8961.0,36,36.0,0.0,0.0,2017,758.0,hospdia
762.0,83,83.0,0.0,0.0,2017,1104.0,hospdia
0.0,0,0.0,0.0,0.0,2017,567.0,hospdia
0.0,0,0.0,0.0,0.0,2017,677.0,hospdia
803.0,0,0.0,0.0,0.0,2017,670.0,hospdia
0.0,0,0.0,0.0,0.0,2017,588.0,hospdia
13817.0,5024,5024.0,0.0,0.0,2017,753.0,hospdia
0.0,0,0.0,0.0,0.0,2017,887.0,hospdia
0.0,0,0.0,0.0,0.0,2017,245.0,hospdia
910.0,42491,42491.0,0.0,0.0,2017,603.0,hospdia
0.0,0,0.0,0.0,0.0,2017,426.0,hospdia
0.0,0,0.0,0.0,0.0,2017,232.0,hospdia
103995.0,1815792,1815792.0,0.0,218267.0,2017,288.0,hospdia
0.0,492377,492377.0,0.0,0.0,2017,246.0,hospdia
0.0,0,0.0,0.0,0.0,2017,284.0,hospdia
0.0,0,0.0,0.0,0.0,2017,18.0,hospdia
49924.0,127818,127818.0,0.0,0.0,2017,356.0,hospdia
0.0,0,0.0,0.0,0.0,2017,401.0,hospdia
498808.0,678797,590553.0,88244.0,274087.0,2017,733.0,hospdia
0.0,140255,140255.0,0.0,0.0,2017,243.0,hospdia
0.0,0,0.0,0.0,0.0,2017,380.0,hospdia
372266.0,3548860,3548860.0,0.0,0.0,2017,716.0,hospdia
0.0,311466,311466.0,0.0,0.0,2017,534.0,hospdia
0.0,0,0.0,0.0,0.0,2017,185.0,hospdia
145513.0,1608736,1608736.0,0.0,0.0,2017,258.0,hospdia
28844.0,916248,916248.0,0.0,0.0,2017,505.0,hospdia
203942.0,1190156,1190156.0,0.0,0.0,2017,268.0,hospdia
0.0,0,0.0,0.0,0.0,2017,602.0,hospdia
8740.0,126312,126312.0,0.0,0.0,2017,254.0,hospdia
61481.0,3620169,3620169.0,0.0,0.0,2017,705.0,hospdia
0.0,0,0.0,0.0,0.0,2017,133.0,hospdia
1491.0,0,0.0,0.0,0.0,2017,33.0,hospdia
23256.0,37726,37726.0,0.0,0.0,2017,143.0,hospdia
11722.0,186670,186670.0,0.0,0.0,2017,36.0,hospdia
0.0,37093,37093.0,0.0,0.0,2017,756.0,hospdia
0.0,967,967.0,0.0,0.0,2017,662.0,hospdia
0.0,0,0.0,0.0,0.0,2017,192.0,hospdia
0.0,0,0.0,0.0,0.0,2017,382.0,hospdia
0.0,0,0.0,0.0,0.0,2017,322.0,hospdia
0.0,0,0.0,0.0,0.0,2017,478.0,hospdia
0.0,0,0.0,0.0,0.0,2017,352.0,hospdia
0.0,0,0.0,0.0,470.0,2017,628.0,hospdia
0.0,0,0.0,0.0,0.0,2017,291.0,hospdia
0.0,0,0.0,0.0,0.0,2017,495.0,hospdia
0.0,0,0.0,0.0,0.0,2017,845.0,hospdia
0.0,0,0.0,0.0,0.0,2017,498.0,hospdia
0.0,0,0.0,0.0,0.0,2017,314.0,hospdia
12080.0,1298883,1298883.0,0.0,0.0,2017,720.0,hospdia
0.0,0,0.0,0.0,0.0,2017,721.0,hospdia
0.0,0,0.0,0.0,0.0,2017,485.0,hospdia
0.0,6775020,6775020.0,0.0,0.0,2017,273.0,hospdia
1000.0,250,250.0,0.0,0.0,2017,846.0,hospdia
0.0,0,0.0,0.0,0.0,2017,847.0,hospdia
69593.0,3033331,3033331.0,0.0,0.0,2017,848.0,hospdia
474485.0,0,0.0,0.0,337916.0,2017,916.0,hospdia
3344.0,149452,148394.0,1058.0,678.0,2017,930.0,hospdia
0.0,0,0.0,0.0,0.0,2017,954.0,hospdia
11918.0,1232154,1232154.0,0.0,0.0,2017,943.0,hospdia
762.0,0,0.0,0.0,0.0,2017,949.0,hospdia
11085.0,3437844,3437844.0,0.0,0.0,2017,980.0,hospdia
0.0,0,0.0,0.0,0.0,2017,981.0,hospdia
0.0,0,0.0,0.0,0.0,2017,690.0,hospdia
37205.0,786228,786228.0,0.0,0.0,2017,262.0,hospdia
0.0,0,0.0,0.0,0.0,2017,403.0,hospdia
0.0,0,0.0,0.0,0.0,2017,312.0,hospdia
0.0,0,0.0,0.0,0.0,2017,589.0,hospdia
0.0,0,0.0,0.0,0.0,2017,665.0,hospdia
171659.0,0,0.0,0.0,0.0,2017,334.0,hospdia
0.0,0,0.0,0.0,0.0,2017,1075.0,hospdia
0.0,41024,41024.0,0.0,1331.0,2017,751.0,hospdia
0.0,0,0.0,0.0,0.0,2017,186.0,hospdia
0.0,0,0.0,0.0,0.0,2017,646.0,hospdia
0.0,0,0.0,0.0,0.0,2017,536.0,hospdia
0.0,0,0.0,0.0,0.0,2017,242.0,hospdia
0.0,0,0.0,0.0,0.0,2017,490.0,hospdia
86636.0,2151281,2151281.0,0.0,352.0,2017,500.0,hospdia
0.0,0,0.0,0.0,0.0,2017,206.0,hospdia
0.0,0,0.0,0.0,0.0,2017,58.0,hospdia
0.0,426,426.0,0.0,345.0,2017,572.0,hospdia
0.0,0,0.0,0.0,0.0,2017,180.0,hospdia
0.0,0,0.0,0.0,0.0,2017,549.0,hospdia
0.0,0,0.0,0.0,0.0,2017,582.0,hospdia
0.0,0,0.0,0.0,0.0,2017,743.0,hospdia
0.0,0,0.0,0.0,0.0,2017,795.0,hospdia
0.0,0,0.0,0.0,0.0,2017,269.0,hospdia
0.0,0,0.0,0.0,0.0,2017,634.0,hospdia
0.0,115237,115237.0,0.0,0.0,2017,1.0,hospdia
0.0,0,0.0,0.0,0.0,2017,717.0,hospdia
0.0,0,0.0,0.0,0.0,2017,373.0,hospdia
0.0,0,0.0,0.0,0.0,2017,535.0,hospdia
856.0,12152,11291.0,861.0,0.0,2017,824.0,hospdia
0.0,0,0.0,0.0,0.0,2017,888.0,hospdia
0.0,0,0.0,0.0,0.0,2017,902.0,hospdia
0.0,0,0.0,0.0,0.0,2017,968.0,hospdia
0.0,0,0.0,0.0,0.0,2017,1130.0,hospdia
0.0,0,0.0,0.0,0.0,2017,1141.0,hospdia
0.0,0,0.0,0.0,0.0,2017,1145.0,hospdia
0.0,0,0.0,0.0,0.0,2017,1122.0,hospdia
0.0,0,0.0,0.0,0.0,2017,1133.0,hospdia
0.0,0,0.0,0.0,0.0,2017,346.0,hospdia
0.0,0,0.0,0.0,0.0,2017,27.0,hospdia
0.0,0,0.0,0.0,0.0,2017,165.0,hospdia
0.0,0,0.0,0.0,0.0,2017,956.0,hospdia
0.0,0,0.0,0.0,0.0,2017,413.0,hospdia
0.0,0,0.0,0.0,0.0,2017,149.0,hospdia
,879124,879124.0,,,2017,612.0,hospdia
0.0,0,0.0,0.0,0.0,2017,559.0,hospdia
0.0,0,0.0,0.0,0.0,2017,7.0,hospdia
8424.0,404325,404325.0,0.0,0.0,2017,283.0,hospdia
0.0,0,0.0,0.0,0.0,2017,37.0,hospdia
0.0,0,0.0,0.0,0.0,2017,153.0,hospdia
0.0,0,0.0,0.0,0.0,2017,547.0,hospdia
0.0,0,0.0,0.0,0.0,2017,397.0,hospdia
15931.0,0,0.0,0.0,2157.0,2017,556.0,hospdia
0.0,0,0.0,0.0,0.0,2017,42.0,hospdia
153852.0,0,0.0,0.0,0.0,2017,31.0,hospdia
9447.0,11813,11813.0,0.0,0.0,2017,740.0,hospdia
0.0,0,0.0,0.0,0.0,2017,217.0,hospdia
0.0,0,0.0,0.0,0.0,2017,863.0,hospdia
0.0,0,0.0,0.0,0.0,2017,889.0,hospdia
0.0,0,0.0,0.0,0.0,2017,984.0,hospdia
0.0,0,0.0,0.0,0.0,2017,1106.0,hospdia
0.0,0,0.0,0.0,0.0,2017,1146.0,hospdia
0.0,0,0.0,0.0,0.0,2017,34.0,hospdia
0.0,0,0.0,0.0,0.0,2017,791.0,hospdia
0.0,0,0.0,0.0,0.0,2017,181.0,hospdia
0.0,0,0.0,0.0,0.0,2017,430.0,hospdia
800.0,49721,49721.0,0.0,8085.0,2017,715.0,hospdia
0.0,0,0.0,0.0,0.0,2017,521.0,hospdia
1861.0,27854,27854.0,0.0,0.0,2017,524.0,hospdia
0.0,0,0.0,0.0,0.0,2017,432.0,hospdia
0.0,0,0.0,0.0,0.0,2017,19.0,hospdia
0.0,0,0.0,0.0,0.0,2017,25.0,hospdia
0.0,0,0.0,0.0,0.0,2017,26.0,hospdia
0.0,0,0.0,0.0,0.0,2017,890.0,hospdia
0.0,0,0.0,0.0,0.0,2017,904.0,hospdia
0.0,0,0.0,0.0,0.0,2017,957.0,hospdia
0.0,0,0.0,0.0,0.0,2017,939.0,hospdia
184683.0,561676,561676.0,0.0,13158.0,2017,236.0,hospdia
0.0,0,0.0,0.0,0.0,2017,735.0,hospdia
0.0,0,0.0,0.0,0.0,2017,146.0,hospdia
0.0,0,0.0,0.0,0.0,2017,363.0,hospdia
0.0,0,0.0,0.0,0.0,2017,187.0,hospdia
0.0,0,0.0,0.0,0.0,2017,265.0,hospdia
8252.0,293059,293059.0,0.0,0.0,2017,295.0,hospdia
0.0,0,0.0,0.0,0.0,2017,496.0,hospdia
0.0,0,0.0,0.0,0.0,2017,77.0,hospdia
0.0,0,0.0,0.0,0.0,2017,391.0,hospdia
0.0,0,0.0,0.0,0.0,2017,240.0,hospdia
0.0,0,0.0,0.0,0.0,2017,113.0,hospdia
0.0,0,0.0,0.0,0.0,2017,619.0,hospdia
0.0,0,0.0,0.0,0.0,2017,163.0,hospdia
0.0,0,0.0,0.0,0.0,2017,131.0,hospdia
0.0,0,0.0,0.0,0.0,2017,375.0,hospdia
0.0,0,0.0,0.0,0.0,2017,1090.0,hospdia
0.0,9734,9734.0,0.0,0.0,2017,764.0,hospdia
0.0,0,0.0,0.0,0.0,2017,14.0,hospdia
0.0,0,0.0,0.0,0.0,2017,657.0,hospdia
0.0,0,0.0,0.0,0.0,2017,362.0,hospdia
0.0,0,0.0,0.0,0.0,2017,989.0,hospdia
0.0,1950,1950.0,0.0,0.0,2017,990.0,hospdia
3998.0,0,0.0,0.0,0.0,2017,680.0,hospdia
19907.0,2100493,2100493.0,0.0,0.0,2017,411.0,hospdia
262567.0,277967,277967.0,0.0,0.0,2017,241.0,hospdia
0.0,0,0.0,0.0,,2017,558.0,hospdia
0.0,0,0.0,0.0,0.0,2017,167.0,hospdia
0.0,0,0.0,0.0,0.0,2017,248.0,hospdia
0.0,0,0.0,0.0,0.0,2017,224.0,hospdia
630.0,0,0.0,0.0,0.0,2017,591.0,hospdia
0.0,0,0.0,0.0,0.0,2017,586.0,hospdia
0.0,0,0.0,0.0,0.0,2017,453.0,hospdia
0.0,0,0.0,0.0,0.0,2017,145.0,hospdia
0.0,0,0.0,0.0,0.0,2017,511.0,hospdia
0.0,0,0.0,0.0,0.0,2017,530.0,hospdia
59797.0,565316,565316.0,0.0,0.0,2017,6.0,hospdia
0.0,0,0.0,0.0,0.0,2017,161.0,hospdia
571.0,17433,17433.0,0.0,0.0,2017,623.0,hospdia
0.0,0,0.0,0.0,0.0,2017,349.0,hospdia
715518.0,352599,352599.0,0.0,0.0,2017,875.0,hospdia
0.0,0,0.0,0.0,0.0,2017,946.0,hospdia
0.0,0,0.0,0.0,0.0,2017,1023.0,hospdia
0.0,0,0.0,0.0,0.0,2017,1054.0,hospdia
0.0,0,0.0,0.0,0.0,2017,1057.0,hospdia
0.0,0,0.0,0.0,0.0,2017,1031.0,hospdia
0.0,0,0.0,0.0,0.0,2017,1032.0,hospdia
0.0,0,0.0,0.0,0.0,2017,1064.0,hospdia
0.0,0,0.0,0.0,0.0,2017,226.0,hospdia
0.0,0,0.0,0.0,0.0,2017,687.0,hospdia
0.0,0,0.0,0.0,0.0,2017,745.0,hospdia
72452.0,661353,661353.0,0.0,0.0,2017,109.0,hospdia
0.0,0,0.0,0.0,0.0,2017,808.0,hospdia
0.0,0,0.0,0.0,0.0,2017,971.0,hospdia
0.0,0,0.0,0.0,0.0,2017,128.0,hospdia
1029.0,201,201.0,0.0,0.0,2017,919.0,hospdia
0.0,0,0.0,0.0,0.0,2017,725.0,hospdia
0.0,0,0.0,0.0,0.0,2017,3.0,hospdia
0.0,0,0.0,0.0,0.0,2017,306.0,hospdia
0.0,0,0.0,0.0,0.0,2017,15.0,hospdia
0.0,0,0.0,0.0,0.0,2017,264.0,hospdia
0.0,0,0.0,0.0,0.0,2017,867.0,hospdia
0.0,0,0.0,0.0,0.0,2017,910.0,hospdia
0.0,0,0.0,0.0,0.0,2017,1053.0,hospdia
0.0,0,0.0,0.0,0.0,2017,1055.0,hospdia
0.0,0,0.0,0.0,0.0,2017,1081.0,hospdia
0.0,0,0.0,0.0,0.0,2017,1099.0,hospdia
0.0,0,0.0,0.0,0.0,2017,1115.0,hospdia
0.0,0,0.0,0.0,0.0,2017,529.0,hospdia
0.0,0,0.0,0.0,0.0,2017,345.0,hospdia
0.0,0,0.0,0.0,0.0,2017,515.0,hospdia
0.0,0,0.0,0.0,0.0,2017,174.0,hospdia
13069.0,0,0.0,0.0,0.0,2017,523.0,hospdia
86842.0,1813733,1813733.0,0.0,0.0,2017,697.0,hospdia
0.0,0,0.0,0.0,0.0,2017,239.0,hospdia
0.0,0,0.0,0.0,0.0,2017,287.0,hospdia
0.0,0,0.0,0.0,0.0,2017,377.0,hospdia
0.0,0,0.0,0.0,0.0,2017,692.0,hospdia
0.0,0,0.0,0.0,0.0,2017,435.0,hospdia
0.0,0,0.0,0.0,0.0,2017,423.0,hospdia
0.0,0,0.0,0.0,0.0,2017,351.0,hospdia
0.0,0,0.0,0.0,0.0,2017,810.0,hospdia
8319.0,0,0.0,0.0,0.0,2017,830.0,hospdia
0.0,0,0.0,0.0,0.0,2017,892.0,hospdia
8865.0,563252,563252.0,0.0,0.0,2017,921.0,hospdia
0.0,0,0.0,0.0,0.0,2017,991.0,hospdia
0.0,0,0.0,0.0,0.0,2017,992.0,hospdia
0.0,0,0.0,0.0,0.0,2017,993.0,hospdia
210.0,7334,7334.0,0.0,0.0,2017,1070.0,hospdia
0.0,0,0.0,0.0,0.0,2017,1095.0,hospdia
1001.0,3832,3832.0,0.0,284.0,2017,1094.0,hospdia
0.0,0,0.0,0.0,0.0,2017,1124.0,hospdia
0.0,1,1.0,0.0,0.0,2017,473.0,hospdia
7139.0,7168,7168.0,0.0,0.0,2017,663.0,hospdia
0.0,0,0.0,0.0,0.0,2017,552.0,hospdia
0.0,0,0.0,0.0,0.0,2017,772.0,hospdia
0.0,0,0.0,0.0,0.0,2017,568.0,hospdia
0.0,0,0.0,0.0,0.0,2017,398.0,hospdia
0.0,0,0.0,0.0,0.0,2017,394.0,hospdia
0.0,0,0.0,0.0,0.0,2017,614.0,hospdia
0.0,0,0.0,0.0,0.0,2017,235.0,hospdia
0.0,0,0.0,0.0,0.0,2017,616.0,hospdia
0.0,0,0.0,0.0,0.0,2017,267.0,hospdia
0.0,202,202.0,0.0,0.0,2017,565.0,hospdia
0.0,163155,163155.0,0.0,0.0,2017,220.0,hospdia
0.0,0,0.0,0.0,0.0,2017,278.0,hospdia
0.0,0,0.0,0.0,0.0,2017,107.0,hospdia
15207.0,80483,80373.0,110.0,0.0,2017,711.0,hospdia
0.0,0,0.0,0.0,0.0,2017,204.0,hospdia
0.0,0,0.0,0.0,0.0,2017,579.0,hospdia
13458.0,523898,25460.0,498438.0,195462.0,2017,348.0,hospdia
454626.0,9354,9354.0,0.0,0.0,2017,766.0,hospdia
19449.0,253286,253286.0,0.0,0.0,2017,761.0,hospdia
1717.0,181584,181584.0,0.0,0.0,2017,728.0,hospdia
55639.0,1897720,1897720.0,0.0,0.0,2017,280.0,hospdia
11982.0,370552,370552.0,0.0,0.0,2017,222.0,hospdia
0.0,0,0.0,0.0,0.0,2017,276.0,hospdia
24127.0,809561,809561.0,0.0,0.0,2017,11.0,hospdia
0.0,0,0.0,0.0,0.0,2017,302.0,hospdia
487.0,6988,6754.0,234.0,0.0,2017,682.0,hospdia
672898.0,5474670,5474670.0,0.0,0.0,2017,279.0,hospdia
0.0,0,0.0,0.0,0.0,2017,282.0,hospdia
0.0,3357084,3357084.0,0.0,0.0,2017,281.0,hospdia
0.0,0,0.0,0.0,0.0,2017,183.0,hospdia
0.0,0,0.0,0.0,0.0,2017,610.0,hospdia
0.0,0,0.0,0.0,0.0,2017,116.0,hospdia
0.0,0,0.0,0.0,0.0,2017,115.0,hospdia
0.0,0,0.0,0.0,0.0,2017,114.0,hospdia
0.0,0,0.0,0.0,0.0,2017,119.0,hospdia
4042.0,24010,23249.0,761.0,20960.0,2017,770.0,hospdia
621.0,1557,1557.0,0.0,0.0,2017,583.0,hospdia
0.0,0,0.0,0.0,0.0,2017,136.0,hospdia
0.0,1705,1705.0,0.0,364.0,2017,469.0,hospdia
0.0,1143,1143.0,0.0,0.0,2017,642.0,hospdia
910337.0,878491,878491.0,0.0,0.0,2017,674.0,hospdia
0.0,0,0.0,0.0,0.0,2017,193.0,hospdia
2280.0,6650,3040.0,3610.0,0.0,2017,526.0,hospdia
0.0,0,0.0,0.0,0.0,2017,698.0,hospdia
0.0,0,0.0,0.0,0.0,2017,630.0,hospdia
0.0,0,0.0,0.0,0.0,2017,124.0,hospdia
0.0,0,0.0,0.0,0.0,2017,364.0,hospdia
1328.0,26818,26818.0,0.0,0.0,2017,439.0,hospdia
726.0,6095,6095.0,0.0,0.0,2017,570.0,hospdia
0.0,0,0.0,0.0,0.0,2017,123.0,hospdia
0.0,0,0.0,0.0,0.0,2017,310.0,hospdia
31510.0,1270,1270.0,0.0,163.0,2017,571.0,hospdia
55035.0,0,0.0,0.0,0.0,2017,296.0,hospdia
0.0,0,0.0,0.0,0.0,2017,566.0,hospdia
501.0,8488,8488.0,0.0,3111.0,2017,784.0,hospdia
0.0,0,0.0,0.0,0.0,2017,102.0,hospdia
0.0,0,0.0,0.0,0.0,2017,379.0,hospdia
0.0,0,0.0,0.0,0.0,2017,639.0,hospdia
0.0,0,0.0,0.0,0.0,2017,457.0,hospdia
915.0,164699,164699.0,0.0,0.0,2017,609.0,hospdia
119141.0,0,0.0,0.0,0.0,2017,101.0,hospdia
0.0,0,0.0,0.0,0.0,2017,454.0,hospdia
0.0,0,0.0,0.0,0.0,2017,318.0,hospdia
0.0,0,0.0,0.0,0.0,2017,600.0,hospdia
5328.0,4085,4085.0,0.0,0.0,2017,545.0,hospdia
0.0,0,0.0,0.0,0.0,2017,100.0,hospdia
0.0,0,0.0,0.0,0.0,2017,702.0,hospdia
0.0,0,0.0,0.0,0.0,2017,778.0,hospdia
0.0,0,0.0,0.0,0.0,2017,341.0,hospdia
0.0,0,0.0,0.0,0.0,2017,99.0,hospdia
0.0,0,0.0,0.0,0.0,2017,767.0,hospdia
0.0,0,0.0,0.0,0.0,2017,359.0,hospdia
1170.0,0,0.0,0.0,0.0,2017,98.0,hospdia
0.0,0,0.0,0.0,0.0,2017,132.0,hospdia
0.0,0,0.0,0.0,0.0,2017,97.0,hospdia
0.0,0,0.0,0.0,0.0,2017,103.0,hospdia
0.0,0,0.0,0.0,0.0,2017,110.0,hospdia
0.0,0,0.0,0.0,0.0,2017,94.0,hospdia
0.0,0,0.0,0.0,0.0,2017,91.0,hospdia
0.0,0,0.0,0.0,0.0,2017,664.0,hospdia
3510.0,14976,14976.0,0.0,12402.0,2017,918.0,hospdia
0.0,0,0.0,0.0,0.0,2017,92.0,hospdia
0.0,0,0.0,0.0,0.0,2017,95.0,hospdia
0.0,0,0.0,0.0,0.0,2017,301.0,hospdia
0.0,0,0.0,0.0,0.0,2017,492.0,hospdia
613.0,232360,232360.0,0.0,0.0,2017,811.0,hospdia
0.0,75800,75800.0,0.0,0.0,2017,812.0,hospdia
0.0,0,0.0,0.0,0.0,2017,832.0,hospdia
0.0,0,0.0,0.0,0.0,2017,841.0,hospdia
24770.0,0,0.0,0.0,0.0,2017,856.0,hospdia
60224.0,2924,2924.0,0.0,0.0,2017,859.0,hospdia
0.0,0,0.0,0.0,0.0,2017,861.0,hospdia
0.0,0,0.0,0.0,0.0,2017,880.0,hospdia
0.0,0,0.0,0.0,0.0,2017,883.0,hospdia
0.0,0,0.0,0.0,0.0,2017,884.0,hospdia
0.0,0,0.0,0.0,0.0,2017,877.0,hospdia
0.0,0,0.0,0.0,0.0,2017,911.0,hospdia
0.0,0,0.0,0.0,0.0,2017,913.0,hospdia
0.0,0,0.0,0.0,0.0,2017,922.0,hospdia
0.0,0,0.0,0.0,0.0,2017,923.0,hospdia
0.0,3179,3179.0,0.0,0.0,2017,924.0,hospdia
0.0,0,0.0,0.0,0.0,2017,947.0,hospdia
0.0,0,0.0,0.0,0.0,2017,951.0,hospdia
0.0,0,0.0,0.0,0.0,2017,1103.0,hospdia
0.0,0,0.0,0.0,0.0,2017,972.0,hospdia
0.0,0,0.0,0.0,0.0,2017,973.0,hospdia
0.0,0,0.0,0.0,0.0,2017,974.0,hospdia
0.0,0,0.0,0.0,0.0,2017,975.0,hospdia
56077.0,0,0.0,0.0,0.0,2017,960.0,hospdia
0.0,0,0.0,0.0,0.0,2017,1028.0,hospdia
0.0,0,0.0,0.0,0.0,2017,976.0,hospdia
0.0,0,0.0,0.0,0.0,2017,977.0,hospdia
0.0,0,0.0,0.0,0.0,2017,1020.0,hospdia
375.0,48365,5986.0,42379.0,0.0,2017,994.0,hospdia
0.0,0,0.0,0.0,0.0,2017,995.0,hospdia
77145.0,303805,303805.0,0.0,0.0,2017,1060.0,hospdia
0.0,0,0.0,0.0,0.0,2017,1005.0,hospdia
0.0,0,0.0,0.0,0.0,2017,1061.0,hospdia
0.0,0,0.0,0.0,0.0,2017,1062.0,hospdia
0.0,0,0.0,0.0,0.0,2017,1006.0,hospdia
0.0,0,0.0,0.0,0.0,2017,1088.0,hospdia
28099.0,60380,60380.0,0.0,0.0,2017,1089.0,hospdia
0.0,0,0.0,0.0,0.0,2017,1076.0,hospdia
0.0,0,0.0,0.0,0.0,2017,1078.0,hospdia
0.0,0,0.0,0.0,0.0,2017,1033.0,hospdia
0.0,0,0.0,0.0,0.0,2017,1037.0,hospdia
89388.0,51296,51296.0,0.0,0.0,2017,1039.0,hospdia
0.0,0,0.0,0.0,0.0,2017,1067.0,hospdia
0.0,0,0.0,0.0,0.0,2017,1065.0,hospdia
0.0,1781872,1781872.0,0.0,0.0,2017,1066.0,hospdia
0.0,0,0.0,0.0,0.0,2017,1100.0,hospdia
0.0,0,0.0,0.0,0.0,2017,1105.0,hospdia
0.0,0,0.0,0.0,0.0,2017,1107.0,hospdia
58663.0,9177,9177.0,0.0,0.0,2017,1111.0,hospdia
0.0,0,0.0,0.0,0.0,2017,1121.0,hospdia
0.0,0,0.0,0.0,0.0,2017,1119.0,hospdia
0.0,0,0.0,0.0,0.0,2017,207.0,hospdia
0.0,0,0.0,0.0,0.0,2017,431.0,hospdia
0.0,0,0.0,0.0,0.0,2017,387.0,hospdia
0.0,0,0.0,0.0,0.0,2017,179.0,hospdia
0.0,0,0.0,0.0,0.0,2017,606.0,hospdia
0.0,0,0.0,0.0,0.0,2017,925.0,hospdia
0.0,0,0.0,0.0,0.0,2017,541.0,hospdia
0.0,0,0.0,0.0,0.0,2017,797.0,hospdia
0.0,0,0.0,0.0,0.0,2017,627.0,hospdia
0.0,0,0.0,0.0,0.0,2017,173.0,hospdia
0.0,0,0.0,0.0,0.0,2017,636.0,hospdia
0.0,0,0.0,0.0,0.0,2017,205.0,hospdia
0.0,0,0.0,0.0,0.0,2017,814.0,hospdia
0.0,0,0.0,0.0,0.0,2017,881.0,hospdia
794.0,6010,6010.0,0.0,0.0,2017,771.0,hospdia
0.0,0,0.0,0.0,0.0,2017,533.0,hospdia
6784.0,439214,439214.0,0.0,829.0,2017,447.0,hospdia
0.0,0,0.0,0.0,0.0,2017,815.0,hospdia
0.0,0,0.0,0.0,0.0,2017,801.0,hospdia
0.0,0,0.0,0.0,0.0,2017,800.0,hospdia
0.0,0,0.0,0.0,0.0,2017,389.0,hospdia
11130.0,27073,6541.0,20532.0,0.0,2017,695.0,hospdia
0.0,0,0.0,0.0,0.0,2017,816.0,hospdia
8322.0,84613,74407.0,10206.0,0.0,2017,833.0,hospdia
0.0,0,0.0,0.0,0.0,2017,870.0,hospdia
0.0,0,0.0,0.0,0.0,2017,927.0,hospdia
0.0,0,0.0,0.0,0.0,2017,961.0,hospdia
0.0,0,0.0,0.0,0.0,2017,962.0,hospdia
0.0,0,0.0,0.0,0.0,2017,1079.0,hospdia
19749.0,117622,117622.0,0.0,3462.0,2017,1101.0,hospdia
0.0,0,0.0,0.0,0.0,2017,666.0,hospdia
0.0,830,830.0,0.0,1372.0,2017,392.0,hospdia
0.0,0,0.0,0.0,0.0,2017,790.0,hospdia
689.0,0,0.0,0.0,0.0,2017,650.0,hospdia
0.0,0,0.0,0.0,0.0,2017,876.0,hospdia
4844.0,0,0.0,0.0,0.0,2017,944.0,hospdia
,0,0.0,0.0,0.0,2017,952.0,hospdia
34912.0,0,0.0,0.0,0.0,2017,54.0,hospdia
0.0,0,0.0,0.0,0.0,2017,367.0,hospdia
0.0,0,0.0,0.0,0.0,2017,538.0,hospdia
0.0,0,0.0,0.0,0.0,2017,557.0,hospdia
0.0,0,0.0,0.0,0.0,2017,653.0,hospdia
0.0,0,0.0,0.0,0.0,2017,647.0,hospdia
0.0,0,0.0,0.0,0.0,2017,978.0,hospdia
0.0,0,0.0,0.0,0.0,2017,996.0,hospdia
0.0,0,0.0,0.0,0.0,2017,729.0,hospdia
0.0,0,0.0,0.0,0.0,2017,182.0,hospdia
0.0,0,0.0,0.0,0.0,2017,633.0,hospdia
0.0,0,0.0,0.0,0.0,2017,685.0,hospdia
0.0,0,0.0,0.0,0.0,2017,683.0,hospdia
0.0,0,0.0,0.0,0.0,2017,945.0,hospdia
522460.0,2148630,2148630.0,0.0,102620.0,2017,953.0,hospdia
0.0,0,0.0,0.0,0.0,2017,1022.0,hospdia
0.0,0,0.0,0.0,0.0,2017,1049.0,hospdia
0.0,0,0.0,0.0,0.0,2017,794.0,hospdia
0.0,0,0.0,0.0,0.0,2017,415.0,hospdia
0.0,0,0.0,0.0,0.0,2017,592.0,hospdia
0.0,0,0.0,0.0,0.0,2017,497.0,hospdia
0.0,0,0.0,0.0,0.0,2017,458.0,hospdia
0.0,0,0.0,0.0,0.0,2017,726.0,hospdia
0.0,0,0.0,0.0,0.0,2017,272.0,hospdia
0.0,0,0.0,0.0,0.0,2017,805.0,hospdia
0.0,0,0.0,0.0,0.0,2017,234.0,hospdia
0.0,0,0.0,0.0,0.0,2017,64.0,hospdia
0.0,0,0.0,0.0,0.0,2017,842.0,hospdia
0.0,0,0.0,0.0,0.0,2017,843.0,hospdia
1950.0,27625,27625.0,0.0,0.0,2017,803.0,hospdia
0.0,0,0.0,0.0,0.0,2017,448.0,hospdia
0.0,0,0.0,0.0,0.0,2017,151.0,hospdia
0.0,0,0.0,0.0,328.0,2017,425.0,hospdia
0.0,0,0.0,0.0,0.0,2017,300.0,hospdia
0.0,0,0.0,0.0,0.0,2017,339.0,hospdia
0.0,0,0.0,0.0,0.0,2017,874.0,hospdia
0.0,0,0.0,0.0,0.0,2017,905.0,hospdia
0.0,0,0.0,0.0,0.0,2017,1123.0,hospdia
943.0,20168,20168.0,0.0,156.0,2017,736.0,hospdia
0.0,0,0.0,0.0,0.0,2017,459.0,hospdia
8778.0,0,0.0,0.0,0.0,2017,320.0,hospdia
71823.0,0,0.0,0.0,0.0,2017,45.0,hospdia
0.0,0,0.0,0.0,0.0,2017,618.0,hospdia
0.0,0,0.0,0.0,0.0,2017,463.0,hospdia
0.0,0,0.0,0.0,0.0,2017,891.0,hospdia
0.0,0,0.0,0.0,0.0,2017,958.0,hospdia
0.0,0,0.0,0.0,0.0,2017,244.0,hospdia
0.0,0,0.0,0.0,0.0,2017,28.0,hospdia
0.0,0,0.0,0.0,0.0,2017,444.0,hospdia
0.0,0,0.0,0.0,0.0,2017,479.0,hospdia
8544.0,538528,538528.0,0.0,0.0,2017,285.0,hospdia
0.0,0,0.0,0.0,0.0,2017,253.0,hospdia
0.0,0,0.0,0.0,0.0,2017,481.0,hospdia
0.0,0,0.0,0.0,0.0,2017,540.0,hospdia
0.0,0,0.0,0.0,0.0,2017,41.0,hospdia
0.0,0,0.0,0.0,0.0,2017,510.0,hospdia
0.0,0,0.0,0.0,0.0,2017,305.0,hospdia
0.0,0,0.0,0.0,0.0,2017,708.0,hospdia
0.0,0,0.0,0.0,0.0,2017,755.0,hospdia
0.0,0,0.0,0.0,0.0,2017,750.0,hospdia
0.0,0,0.0,0.0,0.0,2017,696.0,hospdia
0.0,0,0.0,0.0,0.0,2017,421.0,hospdia
0.0,0,0.0,0.0,0.0,2017,827.0,hospdia
0.0,0,0.0,0.0,0.0,2017,933.0,hospdia
0.0,0,0.0,0.0,0.0,2017,1030.0,hospdia
0.0,0,0.0,0.0,0.0,2017,1003.0,hospdia
0.0,0,0.0,0.0,0.0,2017,1050.0,hospdia
0.0,0,0.0,0.0,0.0,2017,1043.0,hospdia
0.0,0,0.0,0.0,0.0,2017,1128.0,hospdia
0.0,0,0.0,0.0,0.0,2017,1125.0,hospdia
0.0,0,0.0,0.0,0.0,2017,1135.0,hospdia
0.0,0,0.0,0.0,0.0,2017,934.0,hospdia
843.0,7996,7996.0,0.0,11718.0,2017,629.0,hospdia
0.0,0,0.0,0.0,0.0,2017,21.0,hospdia
0.0,111110,111110.0,0.0,0.0,2017,615.0,hospdia
0.0,0,0.0,0.0,0.0,2017,626.0,hospdia
17899.0,163667,163152.0,515.0,10296.0,2017,417.0,hospdia
0.0,0,0.0,0.0,0.0,2017,597.0,hospdia
3808.0,42217,42217.0,0.0,0.0,2017,539.0,hospdia
0.0,0,0.0,0.0,0.0,2017,343.0,hospdia
0.0,0,0.0,0.0,0.0,2017,135.0,hospdia
0.0,0,0.0,0.0,0.0,2017,158.0,hospdia
0.0,0,0.0,0.0,0.0,2017,775.0,hospdia
0.0,0,0.0,0.0,0.0,2017,177.0,hospdia
0.0,0,0.0,0.0,0.0,2017,578.0,hospdia
0.0,0,0.0,0.0,0.0,2017,416.0,hospdia
8745.0,5303,5303.0,0.0,173.0,2017,561.0,hospdia
21954.0,0,0.0,0.0,0.0,2017,62.0,hospdia
19169.0,0,0.0,0.0,0.0,2017,828.0,hospdia
0.0,0,0.0,0.0,0.0,2017,860.0,hospdia
0.0,0,0.0,0.0,0.0,2017,935.0,hospdia
0.0,0,0.0,0.0,0.0,2017,936.0,hospdia
0.0,0,0.0,0.0,0.0,2017,986.0,hospdia
0.0,4600,4600.0,0.0,0.0,2017,987.0,hospdia
0.0,0,0.0,0.0,0.0,2017,1021.0,hospdia
0.0,0,0.0,0.0,0.0,2017,1085.0,hospdia
0.0,53450,53450.0,0.0,0.0,2017,658.0,hospdia
0.0,0,0.0,0.0,0.0,2017,353.0,hospdia
0.0,0,0.0,0.0,0.0,2017,323.0,hospdia
0.0,0,0.0,0.0,0.0,2017,620.0,hospdia
0.0,0,0.0,0.0,44200.0,2017,384.0,hospdia
0.0,0,0.0,0.0,0.0,2017,554.0,hospdia
0.0,0,0.0,0.0,0.0,2017,209.0,hospdia
0.0,0,0.0,0.0,0.0,2017,707.0,hospdia
0.0,0,0.0,0.0,0.0,2017,395.0,hospdia
0.0,0,0.0,0.0,0.0,2017,969.0,hospdia
0.0,0,0.0,0.0,0.0,2017,1052.0,hospdia
401.0,0,0.0,0.0,0.0,2017,739.0,hospdia
0.0,0,0.0,0.0,0.0,2017,613.0,hospdia
0.0,0,0.0,0.0,0.0,2017,593.0,hospdia
0.0,0,0.0,0.0,0.0,2017,704.0,hospdia
0.0,0,0.0,0.0,0.0,2017,493.0,hospdia
0.0,0,0.0,0.0,0.0,2017,686.0,hospdia
0.0,0,0.0,0.0,0.0,2017,257.0,hospdia
0.0,0,0.0,0.0,0.0,2017,494.0,hospdia
2230.0,0,0.0,0.0,0.0,2017,681.0,hospdia
0.0,0,0.0,0.0,0.0,2017,329.0,hospdia
0.0,0,0.0,0.0,0.0,2017,87.0,hospdia
0.0,0,0.0,0.0,0.0,2017,527.0,hospdia
0.0,0,0.0,0.0,0.0,2017,562.0,hospdia
0.0,0,0.0,0.0,0.0,2017,251.0,hospdia
0.0,0,0.0,0.0,0.0,2017,129.0,hospdia
0.0,2210,0.0,2210.0,0.0,2017,154.0,hospdia
0.0,0,0.0,0.0,0.0,2017,516.0,hospdia
0.0,0,0.0,0.0,0.0,2017,184.0,hospdia
0.0,0,0.0,0.0,0.0,2017,652.0,hospdia
0.0,0,0.0,0.0,0.0,2017,1026.0,hospdom
0.0,0,0.0,0.0,0.0,2017,1068.0,hospdom
0.0,0,0.0,0.0,0.0,2017,1108.0,hospdom
28643.0,0,0.0,0.0,0.0,2017,404.0,hospdom
0.0,0,0.0,0.0,0.0,2017,270.0,hospdom
0.0,0,0.0,0.0,0.0,2017,676.0,hospdom
0.0,0,0.0,0.0,0.0,2017,709.0,hospdom
0.0,0,0.0,0.0,0.0,2017,754.0,hospdom
0.0,0,0.0,0.0,0.0,2017,997.0,hospdom
0.0,0,0.0,0.0,0.0,2017,1069.0,hospdom
0.0,0,0.0,0.0,0.0,2017,1118.0,hospdom
0.0,0,0.0,0.0,0.0,2017,544.0,hospdom
0.0,0,0.0,0.0,0.0,2017,804.0,hospdom
0.0,0,0.0,0.0,0.0,2017,104.0,hospdom
0.0,0,0.0,0.0,0.0,2017,20.0,hospdom
0.0,0,0.0,0.0,0.0,2017,550.0,hospdom
0.0,0,0.0,0.0,0.0,2017,112.0,hospdom
0.0,0,0.0,0.0,0.0,2017,818.0,hospdom
0.0,0,0.0,0.0,0.0,2017,882.0,hospdom
0.0,0,0.0,0.0,0.0,2017,914.0,hospdom
0.0,0,0.0,0.0,0.0,2017,928.0,hospdom
0.0,0,0.0,0.0,0.0,2017,964.0,hospdom
0.0,0,0.0,0.0,0.0,2017,734.0,hospdom
0.0,0,0.0,,0.0,2017,299.0,hospdom
0.0,0,0.0,0.0,0.0,2017,645.0,hospdom
0.0,0,0.0,0.0,0.0,2017,17.0,hospdom
0.0,0,0.0,0.0,0.0,2017,1046.0,hospdom
0.0,0,0.0,0.0,0.0,2017,420.0,hospdom
0.0,0,0.0,0.0,0.0,2017,802.0,hospdom
0.0,0,0.0,0.0,0.0,2017,266.0,hospdom
0.0,0,0.0,0.0,0.0,2017,137.0,hospdom
0.0,0,0.0,0.0,0.0,2017,769.0,hospdom
0.0,0,0.0,0.0,0.0,2017,776.0,hospdom
0.0,0,0.0,0.0,0.0,2017,286.0,hospdom
0.0,0,0.0,0.0,0.0,2017,255.0,hospdom
0.0,0,0.0,0.0,0.0,2017,79.0,hospdom
0.0,0,0.0,0.0,0.0,2017,81.0,hospdom
0.0,0,0.0,0.0,0.0,2017,688.0,hospdom
0.0,0,0.0,0.0,0.0,2017,531.0,hospdom
0.0,0,0.0,0.0,0.0,2017,514.0,hospdom
0.0,0,0.0,0.0,0.0,2017,499.0,hospdom
0.0,0,0.0,0.0,0.0,2017,532.0,hospdom
0.0,0,0.0,0.0,0.0,2017,190.0,hospdom
0.0,0,0.0,0.0,0.0,2017,598.0,hospdom
0.0,0,0.0,0.0,0.0,2017,211.0,hospdom
0.0,0,0.0,0.0,0.0,2017,773.0,hospdom
0.0,0,0.0,0.0,0.0,2017,424.0,hospdom
0.0,0,0.0,0.0,0.0,2017,298.0,hospdom
0.0,0,0.0,0.0,0.0,2017,594.0,hospdom
0.0,0,0.0,0.0,0.0,2017,237.0,hospdom
0.0,0,0.0,0.0,0.0,2017,16.0,hospdom
0.0,0,0.0,0.0,0.0,2017,768.0,hospdom
0.0,0,0.0,0.0,0.0,2017,617.0,hospdom
0.0,0,0.0,0.0,0.0,2017,297.0,hospdom
0.0,0,0.0,0.0,0.0,2017,105.0,hospdom
0.0,0,0.0,0.0,0.0,2017,1024.0,hospdom
42209.0,0,0.0,0.0,0.0,2017,1017.0,hospdom
0.0,0,0.0,0.0,0.0,2017,1000.0,hospdom
0.0,0,0.0,0.0,0.0,2017,1018.0,hospdom
0.0,0,0.0,0.0,0.0,2017,1001.0,hospdom
0.0,0,0.0,0.0,0.0,2017,1007.0,hospdom
0.0,0,0.0,0.0,0.0,2017,1008.0,hospdom
0.0,0,0.0,0.0,0.0,2017,1010.0,hospdom
0.0,0,0.0,0.0,0.0,2017,1011.0,hospdom
0.0,0,0.0,0.0,0.0,2017,1012.0,hospdom
0.0,0,0.0,0.0,0.0,2017,1013.0,hospdom
0.0,0,0.0,0.0,0.0,2017,1041.0,hospdom
0.0,0,0.0,0.0,0.0,2017,1073.0,hospdom
0.0,0,0.0,0.0,0.0,2017,1087.0,hospdom
0.0,0,0.0,0.0,0.0,2017,1109.0,hospdom
0.0,0,0.0,0.0,0.0,2017,1110.0,hospdom
0.0,0,0.0,0.0,0.0,2017,1112.0,hospdom
0.0,0,0.0,0.0,0.0,2017,1120.0,hospdom
0.0,800,800.0,0.0,0.0,2017,1126.0,hospdom
0.0,0,0.0,0.0,0.0,2017,789.0,hospdom
0.0,0,0.0,0.0,0.0,2017,326.0,hospdom
0.0,0,0.0,0.0,0.0,2017,442.0,hospdom
0.0,0,0.0,0.0,0.0,2017,294.0,hospdom
0.0,0,0.0,0.0,0.0,2017,378.0,hospdom
0.0,0,0.0,0.0,0.0,2017,402.0,hospdom
0.0,0,0.0,0.0,0.0,2017,29.0,hospdom
0.0,0,0.0,0.0,0.0,2017,450.0,hospdom
0.0,0,0.0,0.0,0.0,2017,656.0,hospdom
0.0,0,0.0,0.0,0.0,2017,333.0,hospdom
0.0,0,0.0,0.0,0.0,2017,684.0,hospdom
0.0,0,0.0,0.0,0.0,2017,422.0,hospdom
0.0,0,0.0,0.0,0.0,2017,763.0,hospdom
0.0,0,0.0,0.0,0.0,2017,741.0,hospdom
0.0,0,0.0,0.0,0.0,2017,553.0,hospdom
0.0,0,0.0,0.0,0.0,2017,357.0,hospdom
0.0,0,0.0,0.0,0.0,2017,899.0,hospdom
0.0,0,0.0,0.0,0.0,2017,900.0,hospdom
0.0,0,0.0,0.0,0.0,2017,932.0,hospdom
0.0,0,0.0,0.0,0.0,2017,950.0,hospdom
0.0,0,0.0,0.0,0.0,2017,966.0,hospdom
0.0,0,0.0,0.0,0.0,2017,967.0,hospdom
0.0,0,0.0,0.0,0.0,2017,982.0,hospdom
0.0,0,0.0,0.0,0.0,2017,1014.0,hospdom
0.0,0,0.0,0.0,0.0,2017,1080.0,hospdom
0.0,0,0.0,0.0,0.0,2017,1074.0,hospdom
0.0,0,0.0,0.0,0.0,2017,1084.0,hospdom
0.0,0,0.0,0.0,0.0,2017,1113.0,hospdom
0.0,0,0.0,0.0,0.0,2017,1137.0,hospdom
0.0,0,0.0,0.0,0.0,2017,1142.0,hospdom
74359.0,96270,68090.0,28180.0,428595.0,2017,722.0,hospdom
0.0,0,0.0,0.0,0.0,2017,660.0,hospdom
0.0,0,0.0,0.0,0.0,2017,75.0,hospdom
0.0,0,0.0,0.0,0.0,2017,249.0,hospdom
0.0,0,0.0,0.0,0.0,2017,227.0,hospdom
0.0,0,0.0,0.0,0.0,2017,150.0,hospdom
0.0,0,0.0,0.0,0.0,2017,47.0,hospdom
0.0,0,0.0,0.0,0.0,2017,172.0,hospdom
0.0,0,0.0,0.0,0.0,2017,581.0,hospdom
0.0,0,0.0,0.0,0.0,2017,120.0,hospdom
0.0,0,0.0,0.0,0.0,2017,445.0,hospdom
0.0,0,0.0,0.0,0.0,2017,471.0,hospdom
0.0,0,0.0,0.0,0.0,2017,53.0,hospdom
0.0,0,0.0,0.0,0.0,2017,199.0,hospdom
0.0,0,0.0,0.0,0.0,2017,575.0,hospdom
0.0,0,0.0,0.0,0.0,2017,528.0,hospdom
0.0,0,0.0,0.0,0.0,2017,631.0,hospdom
0.0,0,0.0,0.0,0.0,2017,699.0,hospdom
0.0,0,0.0,0.0,0.0,2017,823.0,hospdom
0.0,0,0.0,0.0,0.0,2017,849.0,hospdom
0.0,0,0.0,0.0,0.0,2017,869.0,hospdom
0.0,0,0.0,0.0,0.0,2017,955.0,hospdom
0.0,0,0.0,0.0,0.0,2017,983.0,hospdom
0.0,0,0.0,0.0,0.0,2017,1002.0,hospdom
0.0,0,0.0,0.0,0.0,2017,1015.0,hospdom
0.0,0,0.0,0.0,0.0,2017,51.0,hospdom
0.0,0,0.0,0.0,0.0,2017,441.0,hospdom
0.0,0,0.0,0.0,0.0,2017,327.0,hospdom
0.0,0,0.0,0.0,0.0,2017,260.0,hospdom
0.0,0,0.0,0.0,0.0,2017,838.0,hospdom
0.0,0,0.0,0.0,0.0,2017,839.0,hospdom
0.0,0,0.0,0.0,0.0,2017,851.0,hospdom
0.0,0,0.0,0.0,0.0,2017,852.0,hospdom
0.0,0,0.0,0.0,0.0,2017,988.0,hospdom
0.0,0,0.0,0.0,0.0,2017,1056.0,hospdom
0.0,0,0.0,0.0,0.0,2017,1044.0,hospdom
0.0,0,0.0,0.0,0.0,2017,1114.0,hospdom
0.0,0,0.0,0.0,0.0,2017,1129.0,hospdom
0.0,0,0.0,0.0,0.0,2017,644.0,hospdom
0.0,0,0.0,0.0,0.0,2017,915.0,hospdom
0.0,0,0.0,0.0,0.0,2017,942.0,hospdom
0.0,0,0.0,0.0,0.0,2017,1140.0,hospdom
0.0,23178,23178.0,0.0,5408.0,2017,748.0,hospdom
0.0,0,0.0,0.0,0.0,2017,198.0,hospdom
0.0,0,0.0,0.0,0.0,2017,871.0,hospdom
0.0,0,0.0,0.0,0.0,2017,948.0,hospdom
0.0,0,0.0,0.0,0.0,2017,1051.0,hospdom
0.0,0,0.0,0.0,0.0,2017,1083.0,hospdom
0.0,0,0.0,0.0,0.0,2017,1096.0,hospdom
0.0,0,0.0,0.0,0.0,2017,679.0,hospdom
0.0,0,0.0,0.0,0.0,2017,752.0,hospdom
0.0,0,0.0,0.0,0.0,2017,238.0,hospdom
0.0,0,0.0,0.0,0.0,2017,325.0,hospdom
0.0,0,0.0,0.0,0.0,2017,622.0,hospdom
0.0,0,0.0,0.0,0.0,2017,879.0,hospdom
0.0,0,0.0,0.0,0.0,2017,906.0,hospdom
0.0,0,0.0,0.0,0.0,2017,370.0,hospdom
0.0,0,0.0,0.0,0.0,2017,418.0,hospdom
0.0,0,0.0,0.0,0.0,2017,574.0,hospdom
0.0,0,0.0,0.0,0.0,2017,399.0,hospdom
0.0,0,0.0,0.0,0.0,2017,195.0,hospdom
0.0,0,0.0,0.0,0.0,2017,783.0,hospdom
0.0,0,0.0,0.0,0.0,2017,263.0,hospdom
0.0,0,0.0,0.0,0.0,2017,194.0,hospdom
0.0,0,0.0,0.0,0.0,2017,214.0,hospdom
0.0,0,0.0,0.0,0.0,2017,785.0,hospdom
0.0,0,0.0,0.0,0.0,2017,780.0,hospdom
0.0,0,0.0,0.0,0.0,2017,782.0,hospdom
0.0,0,0.0,0.0,0.0,2017,369.0,hospdom
0.0,0,0.0,0.0,0.0,2017,713.0,hospdom
0.0,0,0.0,0.0,0.0,2017,941.0,hospdom
0.0,0,0.0,0.0,0.0,2017,1091.0,hospdom
0.0,0,0.0,0.0,0.0,2017,1045.0,hospdom
0.0,0,0.0,0.0,0.0,2017,1086.0,hospdom
0.0,0,0.0,0.0,0.0,2017,937.0,hospdom
0.0,0,0.0,0.0,0.0,2017,1004.0,hospdom
0.0,0,0.0,0.0,0.0,2017,737.0,hospdom
0.0,0,0.0,0.0,0.0,2017,765.0,hospdom
0.0,0,0.0,0.0,0.0,2017,637.0,hospdom
0.0,0,0.0,0.0,0.0,2017,88.0,hospdom
0.0,0,0.0,0.0,0.0,2017,907.0,hospdom
0.0,0,0.0,0.0,0.0,2017,970.0,hospdom
0.0,0,0.0,0.0,0.0,2017,1019.0,hospdom
0.0,0,0.0,0.0,0.0,2017,1016.0,hospdom
0.0,0,0.0,0.0,0.0,2017,1047.0,hospdom
0.0,0,0.0,0.0,0.0,2017,635.0,hospdom
0.0,0,0.0,0.0,0.0,2017,640.0,hospdom
0.0,0,0.0,0.0,0.0,2017,315.0,hospdom
0.0,0,0.0,0.0,0.0,2017,40.0,hospdom
0.0,0,0.0,0.0,0.0,2017,508.0,hospdom
0.0,0,0.0,0.0,0.0,2017,46.0,hospdom
0.0,0,0.0,0.0,0.0,2017,590.0,hospdom
0.0,0,0.0,0.0,0.0,2017,777.0,hospdom
0.0,0,0.0,0.0,0.0,2017,897.0,hospdom
0.0,0,0.0,0.0,0.0,2017,965.0,hospdom
0.0,0,0.0,0.0,0.0,2017,461.0,hospdom
0.0,0,0.0,0.0,0.0,2017,376.0,hospdom
0.0,0,0.0,0.0,0.0,2017,621.0,hospdom
0.0,0,0.0,0.0,0.0,2017,793.0,hospdom
0.0,0,0.0,0.0,0.0,2017,1102.0,hospdom
0.0,0,0.0,0.0,0.0,2017,,hospdom
0.0,0,0.0,0.0,0.0,2017,712.0,hospdom
0.0,0,0.0,0.0,0.0,2017,32.0,hospdom
0.0,0,0.0,0.0,0.0,2017,361.0,hospdom
0.0,0,0.0,0.0,0.0,2017,486.0,hospdom
0.0,0,0.0,0.0,0.0,2017,595.0,hospdom
0.0,0,0.0,0.0,0.0,2017,433.0,hospdom
0.0,0,0.0,0.0,0.0,2017,1058.0,hospdom
0.0,0,0.0,0.0,0.0,2017,261.0,hospdom
0.0,0,0.0,0.0,0.0,2017,730.0,hospdom
0.0,0,0.0,0.0,0.0,2017,577.0,hospdom
0.0,0,0.0,0.0,0.0,2017,788.0,hospdom
0.0,0,0.0,0.0,0.0,2017,865.0,hospdom
0.0,0,0.0,0.0,0.0,2017,979.0,hospdom
0.0,0,0.0,0.0,0.0,2017,998.0,hospdom
0.0,0,0.0,0.0,0.0,2017,1072.0,hospdom
0.0,0,0.0,0.0,0.0,2017,221.0,hospdom
0.0,0,0.0,0.0,0.0,2017,506.0,hospdom
0.0,0,0.0,0.0,0.0,2017,727.0,hospdom
0.0,0,0.0,0.0,0.0,2017,355.0,hospdom
0.0,0,0.0,0.0,0.0,2017,487.0,hospdom
0.0,0,0.0,0.0,0.0,2017,938.0,hospdom
0.0,0,0.0,0.0,0.0,2017,886.0,hospdom
0.0,0,0.0,0.0,0.0,2017,835.0,hospdom
0.0,0,0.0,0.0,0.0,2017,999.0,hospdom
0.0,0,0.0,0.0,0.0,2017,798.0,hospdom
0.0,0,0.0,0.0,0.0,2017,504.0,hospdom
0.0,0,0.0,0.0,0.0,2017,247.0,hospdom
0.0,0,0.0,0.0,0.0,2017,216.0,hospdom
0.0,0,0.0,0.0,0.0,2017,654.0,hospdom
0.0,0,0.0,0.0,0.0,2017,65.0,hospdom
0.0,0,0.0,0.0,0.0,2017,472.0,hospdom
0.0,0,0.0,0.0,0.0,2017,427.0,hospdom
0.0,0,0.0,0.0,0.0,2017,491.0,hospdom
0.0,0,0.0,0.0,0.0,2017,551.0,hospdom
0.0,0,0.0,0.0,0.0,2017,106.0,hospdom
0.0,0,0.0,0.0,0.0,2017,819.0,hospdom
0.0,0,0.0,0.0,0.0,2017,836.0,hospdom
0.0,0,0.0,0.0,0.0,2017,176.0,hospdom
0.0,0,0.0,0.0,0.0,2017,537.0,hospdom
0.0,0,0.0,0.0,0.0,2017,608.0,hospdom
0.0,0,0.0,0.0,0.0,2017,596.0,hospdom
0.0,0,0.0,0.0,0.0,2017,749.0,hospdom
0.0,0,0.0,0.0,0.0,2017,758.0,hospdom
0.0,0,0.0,0.0,0.0,2017,1104.0,hospdom
0.0,0,0.0,0.0,0.0,2017,567.0,hospdom
0.0,0,0.0,0.0,0.0,2017,677.0,hospdom
0.0,0,0.0,0.0,0.0,2017,670.0,hospdom
0.0,0,0.0,0.0,0.0,2017,588.0,hospdom
4020.0,0,0.0,0.0,0.0,2017,753.0,hospdom
0.0,0,0.0,0.0,0.0,2017,887.0,hospdom
0.0,0,0.0,0.0,0.0,2017,245.0,hospdom
0.0,0,0.0,0.0,0.0,2017,603.0,hospdom
0.0,0,0.0,0.0,0.0,2017,426.0,hospdom
0.0,0,0.0,0.0,0.0,2017,232.0,hospdom
0.0,0,0.0,0.0,0.0,2017,288.0,hospdom
0.0,0,0.0,0.0,0.0,2017,246.0,hospdom
0.0,0,0.0,0.0,0.0,2017,284.0,hospdom
0.0,0,0.0,0.0,0.0,2017,18.0,hospdom
0.0,0,0.0,0.0,0.0,2017,356.0,hospdom
0.0,0,0.0,0.0,0.0,2017,401.0,hospdom
0.0,0,0.0,0.0,0.0,2017,733.0,hospdom
0.0,0,0.0,0.0,0.0,2017,243.0,hospdom
0.0,0,0.0,0.0,0.0,2017,380.0,hospdom
0.0,0,0.0,0.0,0.0,2017,716.0,hospdom
0.0,0,0.0,0.0,0.0,2017,534.0,hospdom
0.0,0,0.0,0.0,0.0,2017,185.0,hospdom
0.0,0,0.0,0.0,0.0,2017,258.0,hospdom
0.0,0,0.0,0.0,0.0,2017,505.0,hospdom
0.0,0,0.0,0.0,0.0,2017,268.0,hospdom
0.0,0,0.0,0.0,0.0,2017,602.0,hospdom
0.0,0,0.0,0.0,0.0,2017,254.0,hospdom
0.0,0,0.0,0.0,0.0,2017,705.0,hospdom
0.0,0,0.0,0.0,0.0,2017,133.0,hospdom
0.0,0,0.0,0.0,0.0,2017,33.0,hospdom
0.0,0,0.0,0.0,0.0,2017,143.0,hospdom
0.0,0,0.0,0.0,0.0,2017,36.0,hospdom
0.0,0,0.0,0.0,0.0,2017,756.0,hospdom
0.0,0,0.0,0.0,0.0,2017,662.0,hospdom
0.0,0,0.0,0.0,0.0,2017,192.0,hospdom
0.0,0,0.0,0.0,0.0,2017,382.0,hospdom
0.0,0,0.0,0.0,0.0,2017,322.0,hospdom
0.0,0,0.0,0.0,0.0,2017,478.0,hospdom
0.0,0,0.0,0.0,0.0,2017,352.0,hospdom
0.0,0,0.0,0.0,0.0,2017,628.0,hospdom
0.0,0,0.0,0.0,0.0,2017,291.0,hospdom
0.0,0,0.0,0.0,0.0,2017,495.0,hospdom
0.0,0,0.0,0.0,0.0,2017,845.0,hospdom
0.0,0,0.0,0.0,0.0,2017,498.0,hospdom
0.0,0,0.0,0.0,0.0,2017,314.0,hospdom
0.0,0,0.0,0.0,0.0,2017,720.0,hospdom
0.0,0,0.0,0.0,0.0,2017,721.0,hospdom
0.0,0,0.0,0.0,0.0,2017,485.0,hospdom
0.0,0,0.0,0.0,0.0,2017,273.0,hospdom
0.0,0,0.0,0.0,0.0,2017,846.0,hospdom
0.0,0,0.0,0.0,0.0,2017,847.0,hospdom
1500.0,0,0.0,0.0,0.0,2017,848.0,hospdom
0.0,0,0.0,0.0,0.0,2017,916.0,hospdom
0.0,0,0.0,0.0,0.0,2017,930.0,hospdom
0.0,0,0.0,0.0,0.0,2017,954.0,hospdom
0.0,0,0.0,0.0,0.0,2017,943.0,hospdom
0.0,0,0.0,0.0,0.0,2017,949.0,hospdom
0.0,0,0.0,0.0,0.0,2017,980.0,hospdom
0.0,0,0.0,0.0,0.0,2017,981.0,hospdom
0.0,0,0.0,0.0,0.0,2017,690.0,hospdom
0.0,0,0.0,0.0,0.0,2017,262.0,hospdom
0.0,0,0.0,0.0,0.0,2017,403.0,hospdom
0.0,0,0.0,0.0,0.0,2017,312.0,hospdom
0.0,0,0.0,0.0,0.0,2017,589.0,hospdom
0.0,0,0.0,0.0,0.0,2017,665.0,hospdom
0.0,0,0.0,0.0,0.0,2017,334.0,hospdom
0.0,0,0.0,0.0,0.0,2017,1075.0,hospdom
0.0,484,484.0,0.0,0.0,2017,751.0,hospdom
0.0,0,0.0,0.0,0.0,2017,186.0,hospdom
0.0,0,0.0,0.0,0.0,2017,646.0,hospdom
0.0,0,0.0,0.0,0.0,2017,536.0,hospdom
0.0,0,0.0,0.0,0.0,2017,242.0,hospdom
0.0,0,0.0,0.0,0.0,2017,490.0,hospdom
0.0,0,0.0,0.0,0.0,2017,500.0,hospdom
0.0,0,0.0,0.0,0.0,2017,206.0,hospdom
0.0,0,0.0,0.0,0.0,2017,58.0,hospdom
0.0,0,0.0,0.0,0.0,2017,572.0,hospdom
0.0,0,0.0,0.0,0.0,2017,180.0,hospdom
0.0,0,0.0,0.0,0.0,2017,549.0,hospdom
0.0,0,0.0,0.0,0.0,2017,582.0,hospdom
0.0,0,0.0,0.0,0.0,2017,743.0,hospdom
0.0,0,0.0,0.0,0.0,2017,795.0,hospdom
0.0,0,0.0,0.0,0.0,2017,269.0,hospdom
0.0,0,0.0,0.0,0.0,2017,634.0,hospdom
0.0,0,0.0,0.0,0.0,2017,1.0,hospdom
0.0,0,0.0,0.0,0.0,2017,717.0,hospdom
0.0,0,0.0,0.0,0.0,2017,373.0,hospdom
0.0,0,0.0,0.0,0.0,2017,535.0,hospdom
0.0,0,0.0,0.0,0.0,2017,824.0,hospdom
0.0,0,0.0,0.0,0.0,2017,888.0,hospdom
0.0,0,0.0,0.0,0.0,2017,902.0,hospdom
0.0,0,0.0,0.0,0.0,2017,968.0,hospdom
0.0,0,0.0,0.0,0.0,2017,1130.0,hospdom
0.0,0,0.0,0.0,0.0,2017,1141.0,hospdom
0.0,0,0.0,0.0,0.0,2017,1145.0,hospdom
0.0,0,0.0,0.0,0.0,2017,1122.0,hospdom
0.0,0,0.0,0.0,0.0,2017,1133.0,hospdom
0.0,0,0.0,0.0,0.0,2017,346.0,hospdom
0.0,0,0.0,0.0,0.0,2017,27.0,hospdom
0.0,0,0.0,0.0,0.0,2017,165.0,hospdom
0.0,0,0.0,0.0,0.0,2017,956.0,hospdom
0.0,0,0.0,0.0,0.0,2017,413.0,hospdom
0.0,0,0.0,0.0,0.0,2017,149.0,hospdom
0.0,0,0.0,,0.0,2017,612.0,hospdom
0.0,0,0.0,0.0,0.0,2017,559.0,hospdom
0.0,0,0.0,0.0,0.0,2017,7.0,hospdom
0.0,0,0.0,0.0,0.0,2017,283.0,hospdom
0.0,0,0.0,0.0,0.0,2017,37.0,hospdom
0.0,0,0.0,0.0,0.0,2017,153.0,hospdom
1160.0,0,0.0,0.0,0.0,2017,547.0,hospdom
0.0,0,0.0,0.0,0.0,2017,397.0,hospdom
0.0,0,0.0,0.0,0.0,2017,556.0,hospdom
0.0,0,0.0,0.0,0.0,2017,42.0,hospdom
0.0,0,0.0,0.0,0.0,2017,31.0,hospdom
0.0,9854,9854.0,0.0,2957.0,2017,740.0,hospdom
0.0,0,0.0,0.0,0.0,2017,217.0,hospdom
0.0,0,0.0,0.0,0.0,2017,863.0,hospdom
0.0,5851,5851.0,0.0,0.0,2017,889.0,hospdom
0.0,0,0.0,0.0,0.0,2017,984.0,hospdom
0.0,0,0.0,0.0,0.0,2017,1106.0,hospdom
0.0,0,0.0,0.0,0.0,2017,1146.0,hospdom
0.0,0,0.0,0.0,0.0,2017,34.0,hospdom
0.0,0,0.0,0.0,0.0,2017,791.0,hospdom
0.0,0,0.0,0.0,0.0,2017,181.0,hospdom
0.0,0,0.0,0.0,0.0,2017,430.0,hospdom
28222.0,0,0.0,0.0,0.0,2017,715.0,hospdom
0.0,0,0.0,0.0,0.0,2017,521.0,hospdom
0.0,0,0.0,0.0,0.0,2017,524.0,hospdom
0.0,0,0.0,0.0,0.0,2017,432.0,hospdom
0.0,0,0.0,0.0,0.0,2017,19.0,hospdom
0.0,0,0.0,0.0,0.0,2017,25.0,hospdom
0.0,0,0.0,0.0,0.0,2017,26.0,hospdom
0.0,0,0.0,0.0,0.0,2017,890.0,hospdom
0.0,0,0.0,0.0,0.0,2017,904.0,hospdom
0.0,0,0.0,0.0,0.0,2017,957.0,hospdom
0.0,0,0.0,0.0,0.0,2017,939.0,hospdom
0.0,0,0.0,0.0,0.0,2017,236.0,hospdom
0.0,0,0.0,0.0,0.0,2017,735.0,hospdom
0.0,0,0.0,0.0,0.0,2017,146.0,hospdom
0.0,0,0.0,0.0,0.0,2017,363.0,hospdom
0.0,0,0.0,0.0,0.0,2017,187.0,hospdom
0.0,0,0.0,0.0,0.0,2017,265.0,hospdom
0.0,0,0.0,0.0,0.0,2017,295.0,hospdom
0.0,0,0.0,0.0,0.0,2017,496.0,hospdom
0.0,0,0.0,0.0,0.0,2017,77.0,hospdom
0.0,0,0.0,0.0,0.0,2017,391.0,hospdom
0.0,0,0.0,0.0,0.0,2017,240.0,hospdom
0.0,0,0.0,0.0,0.0,2017,113.0,hospdom
0.0,0,0.0,0.0,0.0,2017,619.0,hospdom
0.0,0,0.0,0.0,0.0,2017,163.0,hospdom
0.0,0,0.0,0.0,0.0,2017,131.0,hospdom
0.0,0,0.0,0.0,0.0,2017,375.0,hospdom
0.0,0,0.0,0.0,0.0,2017,1090.0,hospdom
0.0,0,0.0,0.0,0.0,2017,764.0,hospdom
0.0,0,0.0,0.0,0.0,2017,14.0,hospdom
0.0,0,0.0,0.0,0.0,2017,657.0,hospdom
0.0,0,0.0,0.0,0.0,2017,362.0,hospdom
0.0,0,0.0,0.0,0.0,2017,989.0,hospdom
0.0,0,0.0,0.0,0.0,2017,990.0,hospdom
0.0,0,0.0,0.0,0.0,2017,680.0,hospdom
0.0,0,0.0,0.0,0.0,2017,411.0,hospdom
0.0,0,0.0,0.0,0.0,2017,241.0,hospdom
0.0,0,0.0,0.0,0.0,2017,558.0,hospdom
0.0,0,0.0,0.0,0.0,2017,167.0,hospdom
0.0,0,0.0,0.0,0.0,2017,248.0,hospdom
0.0,0,0.0,0.0,0.0,2017,224.0,hospdom
0.0,0,0.0,0.0,0.0,2017,591.0,hospdom
0.0,0,0.0,0.0,0.0,2017,586.0,hospdom
0.0,0,0.0,0.0,0.0,2017,453.0,hospdom
0.0,0,0.0,0.0,0.0,2017,145.0,hospdom
0.0,0,0.0,0.0,0.0,2017,511.0,hospdom
0.0,0,0.0,0.0,0.0,2017,530.0,hospdom
0.0,0,0.0,0.0,0.0,2017,6.0,hospdom
0.0,0,0.0,0.0,0.0,2017,161.0,hospdom
500.0,0,0.0,0.0,0.0,2017,623.0,hospdom
0.0,0,0.0,0.0,0.0,2017,349.0,hospdom
0.0,0,0.0,0.0,0.0,2017,875.0,hospdom
0.0,0,0.0,0.0,0.0,2017,946.0,hospdom
0.0,0,0.0,0.0,0.0,2017,1023.0,hospdom
0.0,0,0.0,0.0,0.0,2017,1054.0,hospdom
0.0,0,0.0,0.0,0.0,2017,1057.0,hospdom
0.0,0,0.0,0.0,0.0,2017,1031.0,hospdom
0.0,0,0.0,0.0,0.0,2017,1032.0,hospdom
0.0,0,0.0,0.0,0.0,2017,1064.0,hospdom
0.0,0,0.0,0.0,0.0,2017,226.0,hospdom
0.0,0,0.0,0.0,0.0,2017,687.0,hospdom
0.0,0,0.0,0.0,0.0,2017,745.0,hospdom
0.0,0,0.0,0.0,0.0,2017,109.0,hospdom
0.0,0,0.0,0.0,0.0,2017,808.0,hospdom
0.0,0,0.0,0.0,0.0,2017,971.0,hospdom
0.0,0,0.0,0.0,0.0,2017,128.0,hospdom
0.0,0,0.0,0.0,0.0,2017,919.0,hospdom
0.0,0,0.0,0.0,0.0,2017,725.0,hospdom
0.0,0,0.0,0.0,0.0,2017,3.0,hospdom
0.0,0,0.0,0.0,0.0,2017,306.0,hospdom
0.0,0,0.0,0.0,0.0,2017,15.0,hospdom
0.0,0,0.0,0.0,0.0,2017,264.0,hospdom
0.0,0,0.0,0.0,0.0,2017,867.0,hospdom
0.0,0,0.0,0.0,0.0,2017,910.0,hospdom
0.0,0,0.0,0.0,0.0,2017,1053.0,hospdom
0.0,66,66.0,0.0,131.0,2017,1055.0,hospdom
0.0,0,0.0,0.0,0.0,2017,1081.0,hospdom
0.0,0,0.0,0.0,0.0,2017,1099.0,hospdom
0.0,0,0.0,0.0,0.0,2017,1115.0,hospdom
0.0,0,0.0,0.0,0.0,2017,529.0,hospdom
0.0,0,0.0,0.0,0.0,2017,345.0,hospdom
0.0,0,0.0,0.0,0.0,2017,515.0,hospdom
0.0,0,0.0,0.0,0.0,2017,174.0,hospdom
0.0,0,0.0,0.0,0.0,2017,523.0,hospdom
0.0,0,0.0,0.0,0.0,2017,697.0,hospdom
0.0,0,0.0,0.0,0.0,2017,239.0,hospdom
0.0,0,0.0,0.0,0.0,2017,287.0,hospdom
0.0,0,0.0,0.0,0.0,2017,377.0,hospdom
0.0,0,0.0,0.0,0.0,2017,692.0,hospdom
0.0,0,0.0,0.0,0.0,2017,435.0,hospdom
0.0,0,0.0,0.0,0.0,2017,423.0,hospdom
0.0,0,0.0,0.0,0.0,2017,351.0,hospdom
0.0,0,0.0,0.0,0.0,2017,810.0,hospdom
0.0,0,0.0,0.0,0.0,2017,830.0,hospdom
0.0,0,0.0,0.0,0.0,2017,892.0,hospdom
0.0,0,0.0,0.0,0.0,2017,921.0,hospdom
0.0,0,0.0,0.0,0.0,2017,991.0,hospdom
0.0,0,0.0,0.0,0.0,2017,992.0,hospdom
0.0,0,0.0,0.0,0.0,2017,993.0,hospdom
0.0,0,0.0,0.0,0.0,2017,1070.0,hospdom
0.0,0,0.0,0.0,0.0,2017,1095.0,hospdom
0.0,0,0.0,0.0,0.0,2017,1094.0,hospdom
0.0,0,0.0,0.0,0.0,2017,1124.0,hospdom
0.0,0,0.0,0.0,0.0,2017,473.0,hospdom
0.0,0,0.0,0.0,0.0,2017,663.0,hospdom
0.0,0,0.0,0.0,0.0,2017,552.0,hospdom
0.0,0,0.0,0.0,0.0,2017,772.0,hospdom
0.0,0,0.0,0.0,0.0,2017,568.0,hospdom
0.0,0,0.0,0.0,0.0,2017,398.0,hospdom
0.0,0,0.0,0.0,0.0,2017,394.0,hospdom
0.0,0,0.0,0.0,0.0,2017,614.0,hospdom
0.0,0,0.0,0.0,0.0,2017,235.0,hospdom
0.0,0,0.0,0.0,0.0,2017,616.0,hospdom
0.0,0,0.0,0.0,0.0,2017,267.0,hospdom
0.0,0,0.0,0.0,0.0,2017,565.0,hospdom
0.0,0,0.0,0.0,0.0,2017,220.0,hospdom
0.0,0,0.0,0.0,0.0,2017,278.0,hospdom
0.0,0,0.0,0.0,0.0,2017,107.0,hospdom
0.0,0,0.0,0.0,0.0,2017,711.0,hospdom
0.0,0,0.0,0.0,0.0,2017,204.0,hospdom
0.0,0,0.0,0.0,0.0,2017,579.0,hospdom
0.0,0,0.0,0.0,0.0,2017,348.0,hospdom
0.0,0,0.0,0.0,0.0,2017,766.0,hospdom
0.0,0,0.0,0.0,0.0,2017,761.0,hospdom
0.0,0,0.0,0.0,0.0,2017,728.0,hospdom
0.0,0,0.0,0.0,0.0,2017,280.0,hospdom
0.0,0,0.0,0.0,0.0,2017,222.0,hospdom
0.0,0,0.0,0.0,0.0,2017,276.0,hospdom
0.0,0,0.0,0.0,0.0,2017,11.0,hospdom
0.0,0,0.0,0.0,0.0,2017,302.0,hospdom
0.0,0,0.0,0.0,0.0,2017,682.0,hospdom
0.0,0,0.0,0.0,0.0,2017,279.0,hospdom
0.0,0,0.0,0.0,0.0,2017,282.0,hospdom
0.0,465152,465152.0,0.0,0.0,2017,281.0,hospdom
0.0,0,0.0,0.0,0.0,2017,183.0,hospdom
0.0,0,0.0,0.0,0.0,2017,610.0,hospdom
0.0,0,0.0,0.0,0.0,2017,116.0,hospdom
0.0,0,0.0,0.0,0.0,2017,115.0,hospdom
0.0,0,0.0,0.0,0.0,2017,114.0,hospdom
0.0,0,0.0,0.0,0.0,2017,119.0,hospdom
0.0,0,0.0,0.0,0.0,2017,770.0,hospdom
0.0,0,0.0,0.0,0.0,2017,583.0,hospdom
0.0,0,0.0,0.0,0.0,2017,136.0,hospdom
0.0,0,0.0,0.0,0.0,2017,469.0,hospdom
0.0,0,0.0,0.0,0.0,2017,642.0,hospdom
0.0,0,0.0,0.0,0.0,2017,674.0,hospdom
0.0,0,0.0,0.0,0.0,2017,193.0,hospdom
0.0,0,0.0,0.0,0.0,2017,526.0,hospdom
0.0,0,0.0,0.0,0.0,2017,698.0,hospdom
0.0,0,0.0,0.0,0.0,2017,630.0,hospdom
0.0,0,0.0,0.0,0.0,2017,124.0,hospdom
0.0,0,0.0,0.0,0.0,2017,364.0,hospdom
0.0,0,0.0,0.0,0.0,2017,439.0,hospdom
0.0,0,0.0,0.0,0.0,2017,570.0,hospdom
0.0,0,0.0,0.0,0.0,2017,123.0,hospdom
0.0,0,0.0,0.0,0.0,2017,310.0,hospdom
0.0,0,0.0,0.0,0.0,2017,571.0,hospdom
0.0,0,0.0,0.0,0.0,2017,296.0,hospdom
0.0,0,0.0,0.0,0.0,2017,566.0,hospdom
0.0,0,0.0,0.0,0.0,2017,784.0,hospdom
0.0,0,0.0,0.0,0.0,2017,102.0,hospdom
0.0,0,0.0,0.0,0.0,2017,379.0,hospdom
0.0,0,0.0,0.0,0.0,2017,639.0,hospdom
0.0,0,0.0,0.0,0.0,2017,457.0,hospdom
0.0,0,0.0,0.0,0.0,2017,609.0,hospdom
0.0,0,0.0,0.0,0.0,2017,101.0,hospdom
0.0,0,0.0,0.0,0.0,2017,454.0,hospdom
0.0,0,0.0,0.0,0.0,2017,318.0,hospdom
0.0,0,0.0,0.0,0.0,2017,600.0,hospdom
0.0,0,0.0,0.0,0.0,2017,545.0,hospdom
0.0,0,0.0,0.0,0.0,2017,100.0,hospdom
0.0,0,0.0,0.0,0.0,2017,702.0,hospdom
0.0,0,0.0,0.0,0.0,2017,778.0,hospdom
0.0,0,0.0,0.0,0.0,2017,341.0,hospdom
0.0,0,0.0,0.0,0.0,2017,99.0,hospdom
0.0,0,0.0,0.0,0.0,2017,767.0,hospdom
0.0,0,0.0,0.0,0.0,2017,359.0,hospdom
0.0,0,0.0,0.0,0.0,2017,98.0,hospdom
0.0,0,0.0,0.0,0.0,2017,132.0,hospdom
0.0,0,0.0,0.0,0.0,2017,97.0,hospdom
0.0,0,0.0,0.0,0.0,2017,103.0,hospdom
0.0,0,0.0,0.0,0.0,2017,110.0,hospdom
0.0,0,0.0,0.0,0.0,2017,94.0,hospdom
0.0,0,0.0,0.0,0.0,2017,91.0,hospdom
0.0,0,0.0,0.0,0.0,2017,664.0,hospdom
0.0,0,0.0,0.0,0.0,2017,918.0,hospdom
0.0,0,0.0,0.0,0.0,2017,92.0,hospdom
0.0,0,0.0,0.0,0.0,2017,95.0,hospdom
0.0,0,0.0,0.0,0.0,2017,301.0,hospdom
0.0,0,0.0,0.0,0.0,2017,492.0,hospdom
0.0,0,0.0,0.0,0.0,2017,811.0,hospdom
0.0,0,0.0,0.0,0.0,2017,812.0,hospdom
0.0,0,0.0,0.0,0.0,2017,832.0,hospdom
0.0,0,0.0,0.0,0.0,2017,841.0,hospdom
0.0,0,0.0,0.0,0.0,2017,856.0,hospdom
0.0,0,0.0,0.0,0.0,2017,859.0,hospdom
0.0,0,0.0,0.0,0.0,2017,861.0,hospdom
0.0,0,0.0,0.0,0.0,2017,880.0,hospdom
0.0,0,0.0,0.0,0.0,2017,883.0,hospdom
0.0,0,0.0,0.0,0.0,2017,884.0,hospdom
0.0,0,0.0,0.0,0.0,2017,877.0,hospdom
0.0,0,0.0,0.0,0.0,2017,911.0,hospdom
0.0,0,0.0,0.0,0.0,2017,913.0,hospdom
0.0,0,0.0,0.0,0.0,2017,922.0,hospdom
0.0,0,0.0,0.0,0.0,2017,923.0,hospdom
0.0,0,0.0,0.0,0.0,2017,924.0,hospdom
0.0,0,0.0,0.0,0.0,2017,947.0,hospdom
0.0,0,0.0,0.0,0.0,2017,951.0,hospdom
0.0,0,0.0,0.0,0.0,2017,1103.0,hospdom
0.0,0,0.0,0.0,0.0,2017,972.0,hospdom
0.0,0,0.0,0.0,0.0,2017,973.0,hospdom
0.0,0,0.0,0.0,0.0,2017,974.0,hospdom
0.0,0,0.0,0.0,0.0,2017,975.0,hospdom
0.0,0,0.0,0.0,0.0,2017,960.0,hospdom
0.0,0,0.0,0.0,0.0,2017,1028.0,hospdom
0.0,0,0.0,0.0,0.0,2017,976.0,hospdom
0.0,0,0.0,0.0,0.0,2017,977.0,hospdom
0.0,0,0.0,0.0,0.0,2017,1020.0,hospdom
0.0,0,0.0,0.0,0.0,2017,994.0,hospdom
0.0,0,0.0,0.0,0.0,2017,995.0,hospdom
0.0,0,0.0,0.0,0.0,2017,1060.0,hospdom
0.0,0,0.0,0.0,0.0,2017,1005.0,hospdom
0.0,0,0.0,0.0,0.0,2017,1061.0,hospdom
0.0,0,0.0,0.0,0.0,2017,1062.0,hospdom
0.0,0,0.0,0.0,0.0,2017,1006.0,hospdom
0.0,0,0.0,0.0,0.0,2017,1088.0,hospdom
0.0,0,0.0,0.0,0.0,2017,1089.0,hospdom
0.0,0,0.0,0.0,0.0,2017,1076.0,hospdom
0.0,0,0.0,0.0,0.0,2017,1078.0,hospdom
0.0,0,0.0,0.0,0.0,2017,1033.0,hospdom
0.0,0,0.0,0.0,0.0,2017,1037.0,hospdom
0.0,0,0.0,0.0,0.0,2017,1039.0,hospdom
0.0,0,0.0,0.0,0.0,2017,1067.0,hospdom
0.0,0,0.0,0.0,0.0,2017,1065.0,hospdom
0.0,0,0.0,0.0,0.0,2017,1066.0,hospdom
0.0,0,0.0,0.0,0.0,2017,1100.0,hospdom
0.0,0,0.0,0.0,0.0,2017,1105.0,hospdom
0.0,0,0.0,0.0,0.0,2017,1107.0,hospdom
0.0,0,0.0,0.0,0.0,2017,1111.0,hospdom
0.0,0,0.0,0.0,0.0,2017,1121.0,hospdom
0.0,0,0.0,0.0,0.0,2017,1119.0,hospdom
0.0,0,0.0,0.0,0.0,2017,207.0,hospdom
0.0,0,0.0,0.0,0.0,2017,431.0,hospdom
0.0,0,0.0,0.0,0.0,2017,387.0,hospdom
0.0,0,0.0,0.0,0.0,2017,179.0,hospdom
0.0,0,0.0,0.0,0.0,2017,606.0,hospdom
0.0,0,0.0,0.0,0.0,2017,925.0,hospdom
0.0,0,0.0,0.0,0.0,2017,541.0,hospdom
0.0,0,0.0,0.0,0.0,2017,797.0,hospdom
0.0,0,0.0,0.0,0.0,2017,627.0,hospdom
0.0,0,0.0,0.0,0.0,2017,173.0,hospdom
0.0,0,0.0,0.0,0.0,2017,636.0,hospdom
0.0,0,0.0,0.0,0.0,2017,205.0,hospdom
0.0,0,0.0,0.0,0.0,2017,814.0,hospdom
0.0,0,0.0,0.0,0.0,2017,881.0,hospdom
0.0,0,0.0,0.0,0.0,2017,771.0,hospdom
0.0,0,0.0,0.0,0.0,2017,533.0,hospdom
0.0,0,0.0,0.0,0.0,2017,447.0,hospdom
0.0,0,0.0,0.0,0.0,2017,815.0,hospdom
0.0,0,0.0,0.0,0.0,2017,801.0,hospdom
0.0,0,0.0,0.0,0.0,2017,800.0,hospdom
0.0,0,0.0,0.0,0.0,2017,389.0,hospdom
0.0,0,0.0,0.0,0.0,2017,695.0,hospdom
0.0,0,0.0,0.0,0.0,2017,816.0,hospdom
0.0,0,0.0,0.0,0.0,2017,833.0,hospdom
0.0,0,0.0,0.0,0.0,2017,870.0,hospdom
0.0,0,0.0,0.0,0.0,2017,927.0,hospdom
0.0,0,0.0,0.0,0.0,2017,961.0,hospdom
0.0,0,0.0,0.0,0.0,2017,962.0,hospdom
0.0,0,0.0,0.0,0.0,2017,1079.0,hospdom
0.0,0,0.0,0.0,0.0,2017,1101.0,hospdom
0.0,0,0.0,0.0,0.0,2017,666.0,hospdom
0.0,0,0.0,0.0,0.0,2017,392.0,hospdom
0.0,8790,0.0,8790.0,0.0,2017,790.0,hospdom
0.0,0,0.0,0.0,0.0,2017,650.0,hospdom
0.0,0,0.0,0.0,0.0,2017,876.0,hospdom
0.0,0,0.0,0.0,0.0,2017,944.0,hospdom
0.0,0,0.0,0.0,0.0,2017,952.0,hospdom
0.0,0,0.0,0.0,0.0,2017,54.0,hospdom
0.0,0,0.0,0.0,0.0,2017,367.0,hospdom
0.0,0,0.0,0.0,0.0,2017,538.0,hospdom
0.0,0,0.0,0.0,0.0,2017,557.0,hospdom
0.0,0,0.0,0.0,0.0,2017,653.0,hospdom
0.0,0,0.0,0.0,0.0,2017,647.0,hospdom
0.0,0,0.0,0.0,0.0,2017,978.0,hospdom
0.0,0,0.0,0.0,0.0,2017,996.0,hospdom
0.0,0,0.0,0.0,0.0,2017,729.0,hospdom
0.0,0,0.0,0.0,0.0,2017,182.0,hospdom
0.0,0,0.0,0.0,0.0,2017,633.0,hospdom
0.0,0,0.0,0.0,0.0,2017,685.0,hospdom
0.0,0,0.0,0.0,0.0,2017,683.0,hospdom
0.0,0,0.0,0.0,0.0,2017,945.0,hospdom
0.0,0,0.0,0.0,0.0,2017,953.0,hospdom
0.0,0,0.0,0.0,0.0,2017,1022.0,hospdom
0.0,0,0.0,0.0,0.0,2017,1049.0,hospdom
0.0,0,0.0,0.0,0.0,2017,794.0,hospdom
0.0,0,0.0,0.0,0.0,2017,415.0,hospdom
0.0,0,0.0,0.0,0.0,2017,592.0,hospdom
0.0,0,0.0,0.0,0.0,2017,497.0,hospdom
0.0,0,0.0,0.0,0.0,2017,458.0,hospdom
0.0,0,0.0,0.0,0.0,2017,726.0,hospdom
0.0,0,0.0,0.0,0.0,2017,272.0,hospdom
0.0,0,0.0,0.0,0.0,2017,805.0,hospdom
0.0,0,0.0,0.0,0.0,2017,234.0,hospdom
0.0,0,0.0,0.0,0.0,2017,64.0,hospdom
0.0,0,0.0,0.0,0.0,2017,842.0,hospdom
0.0,0,0.0,0.0,0.0,2017,843.0,hospdom
0.0,0,0.0,0.0,0.0,2017,803.0,hospdom
0.0,0,0.0,0.0,0.0,2017,448.0,hospdom
0.0,0,0.0,0.0,0.0,2017,151.0,hospdom
0.0,0,0.0,0.0,0.0,2017,425.0,hospdom
0.0,0,0.0,0.0,0.0,2017,300.0,hospdom
0.0,0,0.0,0.0,0.0,2017,339.0,hospdom
0.0,0,0.0,0.0,0.0,2017,874.0,hospdom
0.0,0,0.0,0.0,0.0,2017,905.0,hospdom
0.0,0,0.0,0.0,0.0,2017,1123.0,hospdom
2231.0,8773,8773.0,0.0,2581.0,2017,736.0,hospdom
0.0,0,0.0,0.0,0.0,2017,459.0,hospdom
0.0,0,0.0,0.0,0.0,2017,320.0,hospdom
0.0,0,0.0,0.0,0.0,2017,45.0,hospdom
0.0,0,0.0,0.0,0.0,2017,618.0,hospdom
0.0,0,0.0,0.0,0.0,2017,463.0,hospdom
0.0,0,0.0,0.0,0.0,2017,891.0,hospdom
0.0,0,0.0,0.0,0.0,2017,958.0,hospdom
0.0,0,0.0,0.0,0.0,2017,244.0,hospdom
0.0,0,0.0,0.0,0.0,2017,28.0,hospdom
0.0,0,0.0,0.0,0.0,2017,444.0,hospdom
0.0,0,0.0,0.0,0.0,2017,479.0,hospdom
0.0,0,0.0,0.0,0.0,2017,285.0,hospdom
0.0,0,0.0,0.0,0.0,2017,253.0,hospdom
0.0,0,0.0,0.0,0.0,2017,481.0,hospdom
0.0,0,0.0,0.0,0.0,2017,540.0,hospdom
0.0,0,0.0,0.0,0.0,2017,41.0,hospdom
0.0,0,0.0,0.0,0.0,2017,510.0,hospdom
0.0,0,0.0,0.0,0.0,2017,305.0,hospdom
0.0,0,0.0,0.0,0.0,2017,708.0,hospdom
0.0,0,0.0,0.0,0.0,2017,755.0,hospdom
0.0,0,0.0,0.0,0.0,2017,750.0,hospdom
0.0,0,0.0,0.0,0.0,2017,696.0,hospdom
0.0,0,0.0,0.0,0.0,2017,421.0,hospdom
0.0,0,0.0,0.0,0.0,2017,827.0,hospdom
0.0,0,0.0,0.0,0.0,2017,933.0,hospdom
0.0,0,0.0,0.0,0.0,2017,1030.0,hospdom
0.0,0,0.0,0.0,0.0,2017,1003.0,hospdom
0.0,0,0.0,0.0,0.0,2017,1050.0,hospdom
0.0,0,0.0,0.0,0.0,2017,1043.0,hospdom
0.0,0,0.0,0.0,0.0,2017,1128.0,hospdom
0.0,0,0.0,0.0,0.0,2017,1125.0,hospdom
0.0,0,0.0,0.0,0.0,2017,1135.0,hospdom
0.0,0,0.0,0.0,0.0,2017,934.0,hospdom
0.0,0,0.0,0.0,0.0,2017,629.0,hospdom
0.0,0,0.0,0.0,0.0,2017,21.0,hospdom
0.0,0,0.0,0.0,0.0,2017,615.0,hospdom
0.0,0,0.0,0.0,0.0,2017,626.0,hospdom
0.0,0,0.0,0.0,0.0,2017,417.0,hospdom
0.0,0,0.0,0.0,0.0,2017,597.0,hospdom
0.0,0,0.0,0.0,0.0,2017,539.0,hospdom
0.0,0,0.0,0.0,0.0,2017,343.0,hospdom
0.0,0,0.0,0.0,0.0,2017,135.0,hospdom
0.0,0,0.0,0.0,0.0,2017,158.0,hospdom
0.0,0,0.0,0.0,0.0,2017,775.0,hospdom
0.0,0,0.0,0.0,0.0,2017,177.0,hospdom
0.0,0,0.0,0.0,0.0,2017,578.0,hospdom
0.0,0,0.0,0.0,0.0,2017,416.0,hospdom
0.0,0,0.0,0.0,0.0,2017,561.0,hospdom
0.0,0,0.0,0.0,0.0,2017,62.0,hospdom
0.0,0,0.0,0.0,0.0,2017,828.0,hospdom
0.0,0,0.0,0.0,0.0,2017,860.0,hospdom
0.0,0,0.0,0.0,0.0,2017,935.0,hospdom
0.0,0,0.0,0.0,0.0,2017,936.0,hospdom
0.0,0,0.0,0.0,0.0,2017,986.0,hospdom
0.0,0,0.0,0.0,0.0,2017,987.0,hospdom
0.0,0,0.0,0.0,0.0,2017,1021.0,hospdom
0.0,0,0.0,0.0,0.0,2017,1085.0,hospdom
0.0,0,0.0,0.0,0.0,2017,658.0,hospdom
0.0,0,0.0,0.0,0.0,2017,353.0,hospdom
0.0,0,0.0,0.0,0.0,2017,323.0,hospdom
0.0,0,0.0,0.0,0.0,2017,620.0,hospdom
0.0,0,0.0,0.0,0.0,2017,384.0,hospdom
0.0,325,325.0,0.0,0.0,2017,554.0,hospdom
0.0,0,0.0,0.0,0.0,2017,209.0,hospdom
0.0,0,0.0,0.0,0.0,2017,707.0,hospdom
0.0,0,0.0,0.0,0.0,2017,395.0,hospdom
0.0,0,0.0,0.0,0.0,2017,969.0,hospdom
0.0,0,0.0,0.0,0.0,2017,1052.0,hospdom
0.0,0,0.0,0.0,0.0,2017,739.0,hospdom
0.0,0,0.0,0.0,0.0,2017,613.0,hospdom
0.0,0,0.0,0.0,0.0,2017,593.0,hospdom
0.0,0,0.0,0.0,0.0,2017,704.0,hospdom
0.0,0,0.0,0.0,0.0,2017,493.0,hospdom
0.0,0,0.0,0.0,0.0,2017,686.0,hospdom
0.0,0,0.0,0.0,0.0,2017,257.0,hospdom
0.0,0,0.0,0.0,0.0,2017,494.0,hospdom
0.0,0,0.0,0.0,0.0,2017,681.0,hospdom
0.0,0,0.0,0.0,0.0,2017,329.0,hospdom
0.0,0,0.0,0.0,0.0,2017,87.0,hospdom
0.0,0,0.0,0.0,0.0,2017,527.0,hospdom
0.0,0,0.0,0.0,0.0,2017,562.0,hospdom
0.0,0,0.0,0.0,0.0,2017,251.0,hospdom
0.0,0,0.0,0.0,0.0,2017,129.0,hospdom
0.0,1712,0.0,1712.0,0.0,2017,154.0,hospdom
0.0,0,0.0,0.0,0.0,2017,516.0,hospdom
0.0,0,0.0,0.0,0.0,2017,184.0,hospdom
0.0,0,0.0,0.0,0.0,2017,652.0,hospdom
402903.0,134333,1550.0,132783.0,0.0,2017,1026.0,hospital
91982.0,0,0.0,0.0,0.0,2017,1068.0,hospital
12912.0,50191,46537.0,3654.0,5341.0,2017,1108.0,hospital
144571.0,499892,499892.0,0.0,0.0,2017,404.0,hospital
858293.0,7531355,7468346.0,63009.0,363551.0,2017,270.0,hospital
1979.0,66535,25575.0,40960.0,36033.0,2017,676.0,hospital
0.0,0,0.0,0.0,0.0,2017,709.0,hospital
730120.0,4960280,1840210.0,3120070.0,1110025.0,2017,754.0,hospital
478.0,5744,4867.0,877.0,537.0,2017,997.0,hospital
0.0,274,0.0,274.0,0.0,2017,1069.0,hospital
910999.0,13186110,12890245.0,295865.0,612351.0,2017,1118.0,hospital
242918.0,168023,59365.0,108658.0,23284.0,2017,544.0,hospital
360015.0,386003,111027.0,274976.0,64439.0,2017,804.0,hospital
95280.0,0,0.0,0.0,0.0,2017,104.0,hospital
0.0,0,0.0,0.0,0.0,2017,20.0,hospital
5865.0,359662,181330.0,178332.0,22470.0,2017,550.0,hospital
0.0,0,0.0,0.0,0.0,2017,112.0,hospital
328555.0,60421,60421.0,0.0,0.0,2017,818.0,hospital
0.0,0,0.0,0.0,0.0,2017,882.0,hospital
262086.0,150792,9567.0,141225.0,0.0,2017,914.0,hospital
51640.0,0,0.0,0.0,0.0,2017,928.0,hospital
1011684.0,1419954,284925.0,1135029.0,86798.0,2017,964.0,hospital
50875.0,550437,306535.0,243902.0,51760.0,2017,734.0,hospital
451896.0,593190,593190.0,0.0,0.0,2017,299.0,hospital
758322.0,5203,5203.0,0.0,3989.0,2017,645.0,hospital
0.0,0,0.0,0.0,0.0,2017,17.0,hospital
0.0,0,0.0,0.0,0.0,2017,1046.0,hospital
0.0,0,0.0,0.0,0.0,2017,420.0,hospital
2468.0,33323,33323.0,0.0,0.0,2017,802.0,hospital
0.0,0,0.0,0.0,0.0,2017,266.0,hospital
0.0,0,0.0,0.0,0.0,2017,137.0,hospital
455061.0,1017849,1017849.0,0.0,2142.0,2017,769.0,hospital
16533.0,72294,12134.0,60160.0,3489.0,2017,776.0,hospital
785352.0,7661701,7454104.0,207597.0,0.0,2017,286.0,hospital
0.0,0,0.0,0.0,0.0,2017,255.0,hospital
0.0,0,0.0,0.0,0.0,2017,79.0,hospital
0.0,0,0.0,0.0,0.0,2017,81.0,hospital
40296.0,15534,8093.0,7441.0,13613.0,2017,688.0,hospital
29270.0,40589,40589.0,0.0,36526.0,2017,531.0,hospital
7398.0,8313,8003.0,310.0,2083.0,2017,514.0,hospital
0.0,0,0.0,0.0,0.0,2017,499.0,hospital
16955.0,86319,62403.0,23916.0,10839.0,2017,532.0,hospital
35615.0,0,0.0,0.0,0.0,2017,190.0,hospital
10684.0,7500,7500.0,0.0,6386.0,2017,598.0,hospital
0.0,0,0.0,0.0,0.0,2017,211.0,hospital
208461.0,2995277,2022836.0,972441.0,778256.0,2017,773.0,hospital
447102.0,2287353,2287353.0,0.0,209642.0,2017,424.0,hospital
734161.0,10843813,10715371.0,128442.0,190517.0,2017,298.0,hospital
34349.0,197576,197576.0,0.0,0.0,2017,594.0,hospital
89283.0,258158,245568.0,12590.0,17040.0,2017,237.0,hospital
1229718.0,0,0.0,0.0,0.0,2017,16.0,hospital
20689.0,67290,10997.0,56293.0,233.0,2017,768.0,hospital
371217.0,366587,148807.0,217780.0,47919.0,2017,617.0,hospital
174264.0,2022942,2014530.0,8412.0,7485.0,2017,297.0,hospital
458883.0,0,0.0,0.0,0.0,2017,105.0,hospital
10206058.0,49628706,49628706.0,0.0,0.0,2017,1024.0,hospital
416299.0,0,0.0,0.0,0.0,2017,1017.0,hospital
2985386.0,32403864,32403864.0,0.0,3563.0,2017,1000.0,hospital
0.0,0,0.0,0.0,0.0,2017,1018.0,hospital
2477837.0,6741112,6741112.0,0.0,0.0,2017,1001.0,hospital
22467.0,100994,58246.0,42748.0,37033.0,2017,1007.0,hospital
8724.0,133558,31865.0,101693.0,20271.0,2017,1008.0,hospital
0.0,0,0.0,0.0,0.0,2017,1010.0,hospital
13144.0,22829,2989.0,19840.0,2856.0,2017,1011.0,hospital
0.0,28459,3583.0,24876.0,10957.0,2017,1012.0,hospital
48762.0,888152,264730.0,623422.0,63897.0,2017,1013.0,hospital
0.0,0,0.0,0.0,0.0,2017,1041.0,hospital
0.0,0,0.0,0.0,0.0,2017,1073.0,hospital
0.0,0,0.0,0.0,0.0,2017,1087.0,hospital
0.0,0,0.0,0.0,0.0,2017,1109.0,hospital
991729.0,13396290,13391705.0,4585.0,11913.0,2017,1110.0,hospital
68254.0,1065685,1056181.0,9504.0,0.0,2017,1112.0,hospital
0.0,0,0.0,0.0,0.0,2017,1120.0,hospital
15908.0,144032,14142.0,129890.0,34019.0,2017,1126.0,hospital
963315.0,363035,363035.0,0.0,0.0,2017,789.0,hospital
0.0,0,0.0,0.0,0.0,2017,326.0,hospital
2026681.0,70387,0.0,70387.0,643145.0,2017,442.0,hospital
0.0,0,0.0,0.0,0.0,2017,294.0,hospital
0.0,0,0.0,0.0,0.0,2017,378.0,hospital
438029.0,1260356,1150025.0,110331.0,51625.0,2017,402.0,hospital
0.0,0,0.0,0.0,0.0,2017,29.0,hospital
0.0,0,0.0,0.0,0.0,2017,450.0,hospital
0.0,0,0.0,0.0,0.0,2017,656.0,hospital
3222988.0,72080,72080.0,0.0,61423.0,2017,333.0,hospital
0.0,0,0.0,0.0,0.0,2017,684.0,hospital
0.0,0,0.0,0.0,0.0,2017,422.0,hospital
50220.0,2262574,441955.0,1820619.0,503127.0,2017,763.0,hospital
203323.0,790336,46354.0,743982.0,77321.0,2017,741.0,hospital
265008.0,234638,4958.0,229680.0,63994.0,2017,553.0,hospital
101421.0,2055,2055.0,0.0,0.0,2017,357.0,hospital
962167.0,543122,543122.0,0.0,0.0,2017,899.0,hospital
0.0,0,0.0,0.0,0.0,2017,900.0,hospital
160093.0,3648,3648.0,0.0,0.0,2017,932.0,hospital
0.0,0,0.0,0.0,0.0,2017,950.0,hospital
0.0,0,0.0,0.0,0.0,2017,966.0,hospital
0.0,0,0.0,0.0,0.0,2017,967.0,hospital
0.0,0,0.0,0.0,0.0,2017,982.0,hospital
2294.0,25085,0.0,25085.0,596.0,2017,1014.0,hospital
3057945.0,17522258,17332784.0,189474.0,88788.0,2017,1080.0,hospital
146101.0,61286,10783.0,50503.0,0.0,2017,1074.0,hospital
17106.0,22325,22034.0,291.0,0.0,2017,1084.0,hospital
0.0,0,0.0,0.0,0.0,2017,1113.0,hospital
501948.0,0,0.0,0.0,0.0,2017,1137.0,hospital
0.0,0,0.0,0.0,0.0,2017,1142.0,hospital
253574.0,1910508,384718.0,1525790.0,1009505.0,2017,722.0,hospital
1573.0,365082,50213.0,314869.0,124719.0,2017,660.0,hospital
0.0,0,0.0,0.0,0.0,2017,75.0,hospital
1685521.0,7549621,7525628.0,23993.0,311069.0,2017,249.0,hospital
794049.0,1009143,1009143.0,0.0,1266713.0,2017,227.0,hospital
0.0,0,0.0,0.0,0.0,2017,150.0,hospital
0.0,0,0.0,0.0,0.0,2017,47.0,hospital
0.0,0,0.0,0.0,0.0,2017,172.0,hospital
0.0,0,0.0,0.0,0.0,2017,581.0,hospital
0.0,206103,160270.0,45833.0,20607.0,2017,120.0,hospital
,0,,0.0,0.0,2017,445.0,hospital
158104.0,2301529,2301529.0,0.0,0.0,2017,471.0,hospital
0.0,0,0.0,0.0,0.0,2017,53.0,hospital
4439.0,232394,84563.0,147831.0,0.0,2017,199.0,hospital
77597.0,240625,19464.0,221161.0,132145.0,2017,575.0,hospital
2.0,27,7.0,20.0,10.0,2017,528.0,hospital
71865.0,678198,222523.0,455675.0,579739.0,2017,631.0,hospital
40566.0,412172,70664.0,341508.0,142264.0,2017,699.0,hospital
0.0,0,0.0,0.0,0.0,2017,823.0,hospital
16730.0,19200,0.0,19200.0,31755.0,2017,849.0,hospital
24960.0,96761,81457.0,15304.0,832.0,2017,869.0,hospital
0.0,0,0.0,0.0,0.0,2017,955.0,hospital
1281920.0,0,0.0,0.0,0.0,2017,983.0,hospital
0.0,0,0.0,0.0,0.0,2017,1002.0,hospital
121099.0,636209,166707.0,469502.0,239511.0,2017,1015.0,hospital
0.0,0,0.0,0.0,0.0,2017,51.0,hospital
933517.0,19244,19244.0,0.0,197675.0,2017,441.0,hospital
3133559.0,128901,128901.0,0.0,0.0,2017,327.0,hospital
3115825.0,27469872,27469872.0,0.0,0.0,2017,260.0,hospital
0.0,0,0.0,0.0,0.0,2017,838.0,hospital
694765.0,1700306,1700306.0,0.0,0.0,2017,839.0,hospital
0.0,0,0.0,0.0,0.0,2017,851.0,hospital
0.0,0,0.0,0.0,0.0,2017,852.0,hospital
0.0,0,0.0,0.0,0.0,2017,988.0,hospital
0.0,0,0.0,0.0,0.0,2017,1056.0,hospital
0.0,0,0.0,0.0,0.0,2017,1044.0,hospital
11605.0,22498,20998.0,1500.0,2638.0,2017,1114.0,hospital
1055759.0,2919698,2913864.0,5834.0,2754.0,2017,1129.0,hospital
21629.0,1359396,384405.0,974991.0,160431.0,2017,644.0,hospital
0.0,0,0.0,0.0,0.0,2017,915.0,hospital
0.0,0,0.0,0.0,0.0,2017,942.0,hospital
0.0,0,0.0,0.0,0.0,2017,1140.0,hospital
27468.0,655395,349988.0,305407.0,48077.0,2017,748.0,hospital
0.0,0,0.0,0.0,0.0,2017,198.0,hospital
0.0,48899,13699.0,35200.0,10295.0,2017,871.0,hospital
514589.0,4386846,4202288.0,184558.0,164382.0,2017,948.0,hospital
0.0,0,0.0,0.0,0.0,2017,1051.0,hospital
0.0,0,0.0,0.0,0.0,2017,1083.0,hospital
0.0,0,0.0,0.0,0.0,2017,1096.0,hospital
0.0,0,0.0,0.0,0.0,2017,679.0,hospital
5722.0,1135875,145784.0,990091.0,190743.0,2017,752.0,hospital
192900.0,2438955,2438955.0,0.0,301098.0,2017,238.0,hospital
4857384.0,250237,250237.0,0.0,292460.0,2017,325.0,hospital
0.0,25600,0.0,25600.0,0.0,2017,622.0,hospital
0.0,0,0.0,0.0,0.0,2017,879.0,hospital
26692.0,1554513,1535079.0,19434.0,13432.0,2017,906.0,hospital
6732.0,1853,0.0,1853.0,0.0,2017,370.0,hospital
0.0,0,0.0,0.0,835204.0,2017,418.0,hospital
0.0,0,0.0,0.0,0.0,2017,574.0,hospital
0.0,0,0.0,0.0,0.0,2017,399.0,hospital
213249.0,550543,550543.0,0.0,0.0,2017,195.0,hospital
445121.0,997112,721788.0,275324.0,155241.0,2017,783.0,hospital
0.0,0,0.0,0.0,0.0,2017,263.0,hospital
0.0,0,0.0,0.0,0.0,2017,194.0,hospital
0.0,0,0.0,0.0,0.0,2017,214.0,hospital
326941.0,2668610,1235306.0,1433304.0,855597.0,2017,785.0,hospital
18913.0,16386,6786.0,9600.0,36342.0,2017,780.0,hospital
83460.0,473906,100613.0,373293.0,149706.0,2017,782.0,hospital
534.0,531770,111930.0,419840.0,0.0,2017,369.0,hospital
108168.0,461560,227279.0,234281.0,22625.0,2017,713.0,hospital
234588.0,1957633,1957633.0,0.0,0.0,2017,941.0,hospital
0.0,0,0.0,0.0,0.0,2017,1091.0,hospital
1664211.0,5418596,5375054.0,43542.0,37251.0,2017,1045.0,hospital
405763.0,29911979,29911979.0,0.0,0.0,2017,1086.0,hospital
0.0,0,0.0,0.0,0.0,2017,937.0,hospital
58234.0,1090036,1090036.0,0.0,39616.0,2017,1004.0,hospital
2130.0,1247055,439922.0,807133.0,241284.0,2017,737.0,hospital
330358.0,3876571,1596050.0,2280521.0,754087.0,2017,765.0,hospital
0.0,0,0.0,0.0,0.0,2017,637.0,hospital
0.0,0,0.0,0.0,0.0,2017,88.0,hospital
0.0,0,0.0,0.0,0.0,2017,907.0,hospital
262080.0,724581,724581.0,0.0,0.0,2017,970.0,hospital
0.0,0,0.0,0.0,0.0,2017,1019.0,hospital
548066.0,6537084,6436700.0,100384.0,359859.0,2017,1016.0,hospital
0.0,0,0.0,0.0,0.0,2017,1047.0,hospital
146479.0,2475072,2134655.0,340417.0,56484.0,2017,635.0,hospital
11764.0,41374,20254.0,21120.0,72381.0,2017,640.0,hospital
2098287.0,458058,458058.0,0.0,179137.0,2017,315.0,hospital
46920.0,0,0.0,0.0,0.0,2017,40.0,hospital
11793.0,192194,152006.0,40188.0,40072.0,2017,508.0,hospital
83244.0,132798,132798.0,0.0,0.0,2017,46.0,hospital
17552.0,65981,4541.0,61440.0,57541.0,2017,590.0,hospital
9076.0,45700,14980.0,30720.0,48804.0,2017,777.0,hospital
576844.0,1682171,484977.0,1197194.0,607831.0,2017,897.0,hospital
5035.0,0,0.0,0.0,0.0,2017,965.0,hospital
7497.0,102667,102667.0,0.0,0.0,2017,461.0,hospital
57526.0,995207,995207.0,0.0,6888.0,2017,376.0,hospital
0.0,0,0.0,0.0,0.0,2017,621.0,hospital
0.0,0,0.0,0.0,0.0,2017,793.0,hospital
67823.0,1314813,1314813.0,0.0,98061.0,2017,1102.0,hospital
1011.0,44506,44506.0,0.0,0.0,2017,,hospital
0.0,0,0.0,0.0,0.0,2017,712.0,hospital
0.0,0,0.0,0.0,0.0,2017,32.0,hospital
0.0,0,0.0,0.0,0.0,2017,361.0,hospital
616971.0,2601802,2589035.0,12767.0,26783.0,2017,486.0,hospital
0.0,0,0.0,0.0,0.0,2017,595.0,hospital
0.0,0,0.0,0.0,0.0,2017,433.0,hospital
0.0,0,0.0,0.0,0.0,2017,1058.0,hospital
0.0,0,0.0,0.0,0.0,2017,261.0,hospital
0.0,0,0.0,0.0,0.0,2017,730.0,hospital
0.0,0,0.0,0.0,0.0,2017,577.0,hospital
0.0,0,0.0,0.0,0.0,2017,788.0,hospital
155955.0,57596,0.0,57596.0,49999.0,2017,865.0,hospital
12075.0,0,0.0,0.0,0.0,2017,979.0,hospital
6587.0,0,0.0,0.0,0.0,2017,998.0,hospital
0.0,0,0.0,0.0,0.0,2017,1072.0,hospital
197639.0,490120,490120.0,0.0,32356.0,2017,221.0,hospital
616200.0,846128,846128.0,0.0,107165.0,2017,506.0,hospital
12822.0,338319,180676.0,157643.0,6170.0,2017,727.0,hospital
226702.0,225262,204155.0,21107.0,5103.0,2017,355.0,hospital
756205.0,373802,195359.0,178443.0,145079.0,2017,487.0,hospital
106455.0,3157081,1789318.0,1367763.0,223735.0,2017,938.0,hospital
67818.0,544190,445352.0,98838.0,14338.0,2017,886.0,hospital
521176.0,389621,335677.0,53944.0,62140.0,2017,835.0,hospital
0.0,0,0.0,0.0,0.0,2017,999.0,hospital
81762.0,1927342,1078467.0,848875.0,380020.0,2017,798.0,hospital
20929.0,128945,83046.0,45899.0,0.0,2017,504.0,hospital
598710.0,4562820,4515840.0,46980.0,55338.0,2017,247.0,hospital
185527.0,3008296,2758706.0,249590.0,355465.0,2017,216.0,hospital
126707.0,3941584,3934832.0,6752.0,68838.0,2017,654.0,hospital
1241596.0,1098864,1098864.0,0.0,0.0,2017,65.0,hospital
202586.0,41879,21188.0,20691.0,13183.0,2017,472.0,hospital
93531.0,0,0.0,0.0,0.0,2017,427.0,hospital
21639.0,35864,15287.0,20577.0,7737.0,2017,491.0,hospital
5779.0,30544,28893.0,1651.0,7430.0,2017,551.0,hospital
385669.0,0,0.0,0.0,0.0,2017,106.0,hospital
0.0,0,0.0,0.0,0.0,2017,819.0,hospital
0.0,0,0.0,0.0,0.0,2017,836.0,hospital
0.0,0,0.0,0.0,0.0,2017,176.0,hospital
151881.0,0,0.0,0.0,253565.0,2017,537.0,hospital
0.0,0,0.0,0.0,0.0,2017,608.0,hospital
0.0,0,0.0,0.0,0.0,2017,596.0,hospital
0.0,0,0.0,0.0,0.0,2017,749.0,hospital
245730.0,3376064,345000.0,3031064.0,684206.0,2017,758.0,hospital
313873.0,869440,106450.0,762990.0,208168.0,2017,1104.0,hospital
0.0,640,0.0,640.0,0.0,2017,567.0,hospital
60001.0,422094,293874.0,128220.0,16676.0,2017,677.0,hospital
12168.0,161666,93626.0,68040.0,0.0,2017,670.0,hospital
0.0,56378,0.0,56378.0,0.0,2017,588.0,hospital
797300.0,2135200,154700.0,1980500.0,324700.0,2017,753.0,hospital
0.0,0,0.0,0.0,0.0,2017,887.0,hospital
1603129.0,14118648,14118648.0,0.0,1215472.0,2017,245.0,hospital
1401127.0,15490513,15490513.0,0.0,0.0,2017,603.0,hospital
836141.0,950866,949903.0,963.0,0.0,2017,426.0,hospital
296716.0,6784036,6784036.0,0.0,0.0,2017,232.0,hospital
693873.0,3134127,3134127.0,0.0,646194.0,2017,288.0,hospital
447482.0,55260250,55260250.0,0.0,0.0,2017,246.0,hospital
573524.0,5215444,5215444.0,0.0,26668.0,2017,284.0,hospital
0.0,0,0.0,0.0,0.0,2017,18.0,hospital
251917.0,1270013,1270013.0,0.0,0.0,2017,356.0,hospital
649256.0,839769,0.0,839769.0,0.0,2017,401.0,hospital
1597021.0,1300244,1131212.0,169032.0,428966.0,2017,733.0,hospital
223643.0,5808468,5808468.0,0.0,0.0,2017,243.0,hospital
29918.0,98990,98990.0,0.0,0.0,2017,380.0,hospital
1657935.0,3494784,3494784.0,0.0,0.0,2017,716.0,hospital
677730.0,12181438,12170462.0,10976.0,261385.0,2017,534.0,hospital
315423.0,6432860,6432860.0,0.0,85430.0,2017,185.0,hospital
5508602.0,11483237,11483237.0,0.0,1103888.0,2017,258.0,hospital
2239398.0,1752152,1733735.0,18417.0,7460.0,2017,505.0,hospital
3618419.0,20707705,20707705.0,0.0,0.0,2017,268.0,hospital
0.0,0,0.0,0.0,0.0,2017,602.0,hospital
1255017.0,12394934,12394934.0,0.0,0.0,2017,254.0,hospital
717201.0,22394437,22394437.0,0.0,0.0,2017,705.0,hospital
381334.0,4636364,4636364.0,0.0,0.0,2017,133.0,hospital
1116348.0,892633,892633.0,0.0,84192.0,2017,33.0,hospital
1082277.0,2278095,2278095.0,0.0,0.0,2017,143.0,hospital
251383.0,2143664,2143664.0,0.0,0.0,2017,36.0,hospital
62722.0,724196,556393.0,167803.0,0.0,2017,756.0,hospital
22368.0,335000,138426.0,196574.0,37205.0,2017,662.0,hospital
0.0,0,0.0,0.0,0.0,2017,192.0,hospital
133619.0,0,0.0,0.0,0.0,2017,382.0,hospital
0.0,0,0.0,0.0,0.0,2017,322.0,hospital
43407.0,0,0.0,0.0,2080117.0,2017,478.0,hospital
0.0,40757,0.0,40757.0,0.0,2017,352.0,hospital
7716.0,204643,20189.0,184454.0,30849.0,2017,628.0,hospital
0.0,0,0.0,0.0,0.0,2017,291.0,hospital
0.0,0,0.0,0.0,0.0,2017,495.0,hospital
20047.0,87298,13536.0,73762.0,40053.0,2017,845.0,hospital
14214.0,58317,0.0,58317.0,15929.0,2017,498.0,hospital
0.0,0,0.0,0.0,0.0,2017,314.0,hospital
180768.0,9202843,9184717.0,18126.0,0.0,2017,720.0,hospital
47551.0,127722,20440.0,107282.0,323264.0,2017,721.0,hospital
0.0,0,0.0,0.0,0.0,2017,485.0,hospital
1007770.0,28800305,28732065.0,68240.0,0.0,2017,273.0,hospital
57103.0,204421,155420.0,49001.0,35866.0,2017,846.0,hospital
0.0,0,0.0,0.0,0.0,2017,847.0,hospital
1061001.0,25817335,25794147.0,23188.0,261052.0,2017,848.0,hospital
411475.0,5423400,5423400.0,0.0,184806.0,2017,916.0,hospital
299797.0,6532386,6484979.0,47407.0,7179.0,2017,930.0,hospital
8704.0,158542,35545.0,122997.0,107985.0,2017,954.0,hospital
63408.0,6985272,6972215.0,13057.0,0.0,2017,943.0,hospital
691621.0,1499260,61597.0,1437663.0,742283.0,2017,949.0,hospital
289546.0,27510111,27510111.0,0.0,3067.0,2017,980.0,hospital
0.0,0,0.0,0.0,0.0,2017,981.0,hospital
0.0,0,0.0,0.0,0.0,2017,690.0,hospital
566328.0,7963014,7201326.0,761688.0,1099217.0,2017,262.0,hospital
0.0,0,0.0,0.0,0.0,2017,403.0,hospital
2304911.0,0,0.0,0.0,0.0,2017,312.0,hospital
51578.0,4100,0.0,4100.0,70891.0,2017,589.0,hospital
40390.0,57604,57604.0,0.0,68224.0,2017,665.0,hospital
4404.0,0,0.0,0.0,0.0,2017,334.0,hospital
0.0,0,0.0,0.0,0.0,2017,1075.0,hospital
61293.0,2286988,754753.0,1532235.0,760691.0,2017,751.0,hospital
0.0,0,0.0,0.0,0.0,2017,186.0,hospital
0.0,79650,46548.0,33102.0,218546.0,2017,646.0,hospital
3410.0,29570,9730.0,19840.0,14721.0,2017,536.0,hospital
281483.0,710431,644733.0,65698.0,273878.0,2017,242.0,hospital
4732.0,26332,26332.0,0.0,0.0,2017,490.0,hospital
2653874.0,11367759,11301057.0,66702.0,756204.0,2017,500.0,hospital
0.0,0,0.0,0.0,0.0,2017,206.0,hospital
249103.0,29800,29800.0,0.0,0.0,2017,58.0,hospital
14295.0,241037,105509.0,135528.0,103528.0,2017,572.0,hospital
0.0,20399,0.0,20399.0,0.0,2017,180.0,hospital
0.0,64582,8902.0,55680.0,38149.0,2017,549.0,hospital
4052.0,129589,65659.0,63930.0,30502.0,2017,582.0,hospital
0.0,0,0.0,0.0,0.0,2017,743.0,hospital
0.0,0,0.0,0.0,0.0,2017,795.0,hospital
0.0,0,0.0,0.0,0.0,2017,269.0,hospital
63192.0,354875,238747.0,116128.0,45143.0,2017,634.0,hospital
385462.0,3116310,3026763.0,89547.0,742956.0,2017,1.0,hospital
112.0,117401,23961.0,93440.0,53130.0,2017,717.0,hospital
0.0,0,0.0,0.0,0.0,2017,373.0,hospital
16227.0,60800,0.0,60800.0,12997.0,2017,535.0,hospital
86237.0,2300676,986624.0,1314052.0,86237.0,2017,824.0,hospital
0.0,0,0.0,0.0,0.0,2017,888.0,hospital
365153.0,0,0.0,0.0,0.0,2017,902.0,hospital
0.0,0,0.0,0.0,0.0,2017,968.0,hospital
99874.0,594484,594484.0,0.0,0.0,2017,1130.0,hospital
0.0,0,0.0,0.0,0.0,2017,1141.0,hospital
154452.0,0,0.0,0.0,0.0,2017,1145.0,hospital
0.0,0,0.0,0.0,0.0,2017,1122.0,hospital
3437705.0,0,0.0,0.0,0.0,2017,1133.0,hospital
1223923.0,193100,193100.0,0.0,0.0,2017,346.0,hospital
2555850.0,345449,345449.0,0.0,0.0,2017,27.0,hospital
0.0,0,0.0,0.0,0.0,2017,165.0,hospital
154149.0,184857,0.0,184857.0,24510.0,2017,956.0,hospital
0.0,0,0.0,0.0,0.0,2017,413.0,hospital
0.0,0,0.0,0.0,0.0,2017,149.0,hospital
2293642.0,6466816,6222387.0,244429.0,561505.0,2017,612.0,hospital
0.0,0,0.0,0.0,0.0,2017,559.0,hospital
29046.0,10736,10736.0,0.0,0.0,2017,7.0,hospital
2189652.0,6995687,6550865.0,444822.0,483012.0,2017,283.0,hospital
418055.0,412379,412379.0,0.0,0.0,2017,37.0,hospital
27008.0,887125,723265.0,163860.0,8513.0,2017,153.0,hospital
655339.0,331966,240773.0,91193.0,79987.0,2017,547.0,hospital
0.0,0,0.0,0.0,0.0,2017,397.0,hospital
602041.0,566731,378153.0,188578.0,128879.0,2017,556.0,hospital
121207.0,1727357,1727357.0,0.0,0.0,2017,42.0,hospital
428409.0,6210,0.0,6210.0,0.0,2017,31.0,hospital
1332345.0,3169827,1795515.0,1374312.0,962378.0,2017,740.0,hospital
0.0,0,0.0,0.0,0.0,2017,217.0,hospital
0.0,0,0.0,0.0,0.0,2017,863.0,hospital
1367986.0,1485712,856112.0,629600.0,372675.0,2017,889.0,hospital
643272.0,3038488,2832801.0,205687.0,37638.0,2017,984.0,hospital
226374.0,423029,376395.0,46634.0,23706.0,2017,1106.0,hospital
352387.0,244800,244800.0,0.0,21946.0,2017,1146.0,hospital
55104.0,0,0.0,0.0,0.0,2017,34.0,hospital
669529.0,6309096,5583404.0,725692.0,1009715.0,2017,791.0,hospital
669529.0,6309096,5583404.0,725692.0,1009715.0,2017,181.0,hospital
0.0,0,0.0,0.0,0.0,2017,430.0,hospital
275087.0,5481904,4240997.0,1240907.0,1728885.0,2017,715.0,hospital
0.0,0,0.0,0.0,0.0,2017,521.0,hospital
2171674.0,7907303,6985471.0,921832.0,428450.0,2017,524.0,hospital
0.0,0,0.0,0.0,0.0,2017,432.0,hospital
0.0,0,0.0,0.0,0.0,2017,19.0,hospital
506134.0,1005707,1005707.0,0.0,0.0,2017,25.0,hospital
0.0,0,0.0,0.0,0.0,2017,26.0,hospital
0.0,0,0.0,0.0,0.0,2017,890.0,hospital
0.0,0,0.0,0.0,0.0,2017,904.0,hospital
0.0,0,0.0,0.0,0.0,2017,957.0,hospital
0.0,0,0.0,0.0,0.0,2017,939.0,hospital
839939.0,2790453,2552523.0,237930.0,50848.0,2017,236.0,hospital
296617.0,2500171,1895040.0,605131.0,921290.0,2017,735.0,hospital
265847.0,6125,6125.0,0.0,0.0,2017,146.0,hospital
46101.0,757405,757405.0,0.0,113247.0,2017,363.0,hospital
0.0,0,0.0,0.0,0.0,2017,187.0,hospital
171674.0,669848,669848.0,0.0,0.0,2017,265.0,hospital
78319.0,1626677,1469523.0,157154.0,70596.0,2017,295.0,hospital
0.0,0,0.0,0.0,0.0,2017,496.0,hospital
0.0,0,0.0,0.0,0.0,2017,77.0,hospital
0.0,0,0.0,0.0,0.0,2017,391.0,hospital
0.0,0,0.0,0.0,0.0,2017,240.0,hospital
0.0,0,0.0,0.0,0.0,2017,113.0,hospital
2570487.0,7246951,7132929.0,114022.0,384784.0,2017,619.0,hospital
52482.0,362777,362777.0,0.0,0.0,2017,163.0,hospital
0.0,0,0.0,0.0,0.0,2017,131.0,hospital
0.0,0,0.0,0.0,0.0,2017,375.0,hospital
579138.0,1746534,686816.0,1059718.0,505288.0,2017,1090.0,hospital
296841.0,2718176,1715711.0,1002465.0,496985.0,2017,764.0,hospital
0.0,0,0.0,0.0,0.0,2017,14.0,hospital
0.0,0,0.0,0.0,0.0,2017,657.0,hospital
324338.0,1228148,1215774.0,12374.0,1145.0,2017,362.0,hospital
0.0,19916,702.0,19214.0,101121.0,2017,989.0,hospital
4545.0,65730,12650.0,53080.0,9672.0,2017,990.0,hospital
506680.0,338288,78655.0,259633.0,306195.0,2017,680.0,hospital
1023089.0,12354371,12205526.0,148845.0,0.0,2017,411.0,hospital
2536984.0,10467747,10445999.0,21748.0,2065768.0,2017,241.0,hospital
25729.0,8320,8320.0,0.0,17260.0,2017,558.0,hospital
0.0,0,0.0,0.0,0.0,2017,167.0,hospital
0.0,0,0.0,0.0,0.0,2017,248.0,hospital
663570.0,2237795,2237795.0,0.0,0.0,2017,224.0,hospital
108140.0,625135,46238.0,578897.0,123182.0,2017,591.0,hospital
38933.0,35494,33788.0,1706.0,46084.0,2017,586.0,hospital
0.0,17867,17867.0,0.0,0.0,2017,453.0,hospital
0.0,0,0.0,0.0,0.0,2017,145.0,hospital
216494.0,45413,29413.0,16000.0,289834.0,2017,511.0,hospital
116681.0,25257,8164.0,17093.0,46560.0,2017,530.0,hospital
2147785.0,10458647,10451348.0,7299.0,1919211.0,2017,6.0,hospital
0.0,0,0.0,0.0,0.0,2017,161.0,hospital
107021.0,58451,10466.0,47985.0,22970.0,2017,623.0,hospital
0.0,0,0.0,0.0,0.0,2017,349.0,hospital
3446328.0,11806691,11769146.0,37545.0,89084.0,2017,875.0,hospital
2595489.0,12201122,12144394.0,56728.0,329451.0,2017,946.0,hospital
368814.0,217050,176583.0,40467.0,75151.0,2017,1023.0,hospital
0.0,0,0.0,0.0,0.0,2017,1054.0,hospital
0.0,0,0.0,0.0,0.0,2017,1057.0,hospital
0.0,0,0.0,0.0,0.0,2017,1031.0,hospital
50909.0,182233,126965.0,55268.0,87664.0,2017,1032.0,hospital
2083070.0,4386332,4260637.0,125695.0,445747.0,2017,1064.0,hospital
0.0,0,0.0,0.0,0.0,2017,226.0,hospital
236175.0,102218,102218.0,0.0,20512.0,2017,687.0,hospital
0.0,0,0.0,0.0,0.0,2017,745.0,hospital
1613455.0,6537748,6537748.0,0.0,396618.0,2017,109.0,hospital
25936.0,623351,85795.0,537556.0,46987.0,2017,808.0,hospital
0.0,0,0.0,0.0,0.0,2017,971.0,hospital
0.0,0,0.0,0.0,0.0,2017,128.0,hospital
16416.0,372902,158435.0,214467.0,20142.0,2017,919.0,hospital
12376.0,1744478,1019887.0,724591.0,407947.0,2017,725.0,hospital
0.0,0,0.0,0.0,0.0,2017,3.0,hospital
,0,0.0,0.0,0.0,2017,306.0,hospital
4121.0,0,0.0,0.0,0.0,2017,15.0,hospital
0.0,0,0.0,0.0,0.0,2017,264.0,hospital
32884.0,80722,80722.0,0.0,0.0,2017,867.0,hospital
0.0,0,0.0,0.0,0.0,2017,910.0,hospital
3189.0,325229,142427.0,182802.0,53602.0,2017,1053.0,hospital
318941.0,394619,245871.0,148748.0,66867.0,2017,1055.0,hospital
0.0,0,0.0,0.0,0.0,2017,1081.0,hospital
17532.0,67365,60987.0,6378.0,37748.0,2017,1099.0,hospital
36074.0,29015,29015.0,0.0,0.0,2017,1115.0,hospital
0.0,0,0.0,0.0,0.0,2017,529.0,hospital
0.0,0,0.0,0.0,0.0,2017,345.0,hospital
0.0,0,0.0,0.0,0.0,2017,515.0,hospital
0.0,0,0.0,0.0,0.0,2017,174.0,hospital
44878.0,239231,0.0,239231.0,193887.0,2017,523.0,hospital
4554370.0,19833015,19072230.0,760785.0,474077.0,2017,697.0,hospital
3129861.0,18517980,17437064.0,1080916.0,605728.0,2017,239.0,hospital
1035470.0,10479299,10281693.0,197606.0,435414.0,2017,287.0,hospital
0.0,0,0.0,0.0,0.0,2017,377.0,hospital
0.0,0,0.0,0.0,0.0,2017,692.0,hospital
0.0,0,0.0,0.0,0.0,2017,435.0,hospital
0.0,0,0.0,0.0,0.0,2017,423.0,hospital
537177.0,8144642,7949621.0,195021.0,45209.0,2017,351.0,hospital
0.0,0,0.0,0.0,0.0,2017,810.0,hospital
191124.0,274902,22964.0,251938.0,26728.0,2017,830.0,hospital
212080.0,198964,153524.0,45440.0,0.0,2017,892.0,hospital
4581086.0,37871718,37668510.0,203208.0,69503.0,2017,921.0,hospital
0.0,0,0.0,0.0,0.0,2017,991.0,hospital
0.0,0,0.0,0.0,0.0,2017,992.0,hospital
62888.0,192390,51620.0,140770.0,81753.0,2017,993.0,hospital
737446.0,3439893,1881306.0,1558587.0,321523.0,2017,1070.0,hospital
1498406.0,2190336,2157942.0,32394.0,9071.0,2017,1095.0,hospital
152825.0,467509,460774.0,6735.0,6089.0,2017,1094.0,hospital
76577.0,3822,3822.0,0.0,0.0,2017,1124.0,hospital
0.0,1,1.0,0.0,1.0,2017,473.0,hospital
41070.0,985430,492667.0,492763.0,98414.0,2017,663.0,hospital
22166.0,448321,0.0,448321.0,0.0,2017,552.0,hospital
1383796.0,18226093,16849848.0,1376245.0,75847.0,2017,772.0,hospital
0.0,0,0.0,0.0,7654365.0,2017,568.0,hospital
80833.0,1435815,0.0,1435815.0,446663.0,2017,398.0,hospital
0.0,321520,0.0,321520.0,263036.0,2017,394.0,hospital
0.0,321520,0.0,321520.0,111572.0,2017,614.0,hospital
90268.0,536876,536876.0,0.0,1662853.0,2017,235.0,hospital
0.0,880,0.0,880.0,0.0,2017,616.0,hospital
3683730.0,28377793,24886955.0,3490838.0,1669216.0,2017,267.0,hospital
42125.0,4460,4460.0,0.0,0.0,2017,565.0,hospital
897470.0,10951143,10821076.0,130067.0,0.0,2017,220.0,hospital
1252594.0,20563670,20563670.0,0.0,0.0,2017,278.0,hospital
130475.0,232614,232614.0,0.0,0.0,2017,107.0,hospital
351084.0,5340199,3519130.0,1821069.0,113944.0,2017,711.0,hospital
7620.0,60284,0.0,60284.0,0.0,2017,204.0,hospital
31820.0,769941,769941.0,0.0,0.0,2017,579.0,hospital
1427785.0,2956455,165115.0,2791340.0,760460.0,2017,348.0,hospital
3807560.0,131653,131653.0,0.0,0.0,2017,766.0,hospital
1138292.0,1142082,1138898.0,3184.0,0.0,2017,761.0,hospital
1571842.0,14574035,13973824.0,600211.0,0.0,2017,728.0,hospital
1328672.0,18380007,18380007.0,0.0,0.0,2017,280.0,hospital
1114973.0,4935089,4935089.0,0.0,0.0,2017,222.0,hospital
22072193.0,83396285,83396285.0,0.0,0.0,2017,276.0,hospital
1900465.0,16946965,15089105.0,1857860.0,0.0,2017,11.0,hospital
255100.0,2534215,2534215.0,0.0,1440.0,2017,302.0,hospital
202063.0,1317783,1259234.0,58549.0,0.0,2017,682.0,hospital
4124959.0,33560498,33560498.0,0.0,119750.0,2017,279.0,hospital
8197280.0,45833220,45833220.0,0.0,0.0,2017,282.0,hospital
1626288.0,30044265,30044265.0,0.0,0.0,2017,281.0,hospital
962619.0,1363925,1363925.0,0.0,0.0,2017,183.0,hospital
20675320.0,4952982,4952982.0,0.0,125789.0,2017,610.0,hospital
0.0,0,0.0,0.0,0.0,2017,116.0,hospital
0.0,0,0.0,0.0,0.0,2017,115.0,hospital
83634.0,0,0.0,0.0,0.0,2017,114.0,hospital
6627679.0,35058,35058.0,0.0,0.0,2017,119.0,hospital
95171.0,1201953,500330.0,701623.0,515930.0,2017,770.0,hospital
14984.0,89233,12624.0,76609.0,1125.0,2017,583.0,hospital
0.0,125016,0.0,125016.0,0.0,2017,136.0,hospital
19438.0,462739,342827.0,119912.0,23796.0,2017,469.0,hospital
130731.0,241663,169007.0,72656.0,5211.0,2017,642.0,hospital
4284657.0,2065428,1751851.0,313577.0,0.0,2017,674.0,hospital
53441.0,346501,0.0,346501.0,0.0,2017,193.0,hospital
145190.0,1877857,1500688.0,377169.0,161863.0,2017,526.0,hospital
634666.0,7151515,4890888.0,2260627.0,799868.0,2017,698.0,hospital
0.0,16652,16212.0,440.0,10595.0,2017,630.0,hospital
0.0,0,0.0,0.0,0.0,2017,124.0,hospital
38887.0,63696,0.0,63696.0,0.0,2017,364.0,hospital
1049503.0,7878472,7203946.0,674526.0,161176.0,2017,439.0,hospital
45748.0,1618054,667083.0,950971.0,161176.0,2017,570.0,hospital
0.0,0,0.0,0.0,0.0,2017,123.0,hospital
0.0,0,0.0,0.0,0.0,2017,310.0,hospital
74997.0,202787,113138.0,89649.0,483.0,2017,571.0,hospital
1106643.0,20375,0.0,20375.0,54800.0,2017,296.0,hospital
0.0,0,0.0,0.0,0.0,2017,566.0,hospital
14905.0,2036832,229828.0,1807004.0,508348.0,2017,784.0,hospital
205.0,39519,39519.0,0.0,0.0,2017,102.0,hospital
0.0,43086,43086.0,0.0,0.0,2017,379.0,hospital
56888.0,105168,19380.0,85788.0,5284.0,2017,639.0,hospital
43366.0,132204,95044.0,37160.0,1676.0,2017,457.0,hospital
1557969.0,26151697,25913820.0,237877.0,1011372.0,2017,609.0,hospital
381404.0,0,0.0,0.0,0.0,2017,101.0,hospital
872234.0,504872,208400.0,296472.0,15091.0,2017,454.0,hospital
0.0,864,864.0,0.0,0.0,2017,318.0,hospital
0.0,81221,3853.0,77368.0,6008.0,2017,600.0,hospital
61744.0,135065,57885.0,77180.0,23154.0,2017,545.0,hospital
0.0,0,0.0,0.0,0.0,2017,100.0,hospital
17325.0,242874,0.0,242874.0,608831.0,2017,702.0,hospital
279572.0,3678219,3229876.0,448343.0,73633.0,2017,778.0,hospital
922107.0,705024,705024.0,0.0,78220.0,2017,341.0,hospital
0.0,36286,0.0,36286.0,0.0,2017,99.0,hospital
0.0,153112,20551.0,132561.0,5726.0,2017,767.0,hospital
0.0,0,0.0,0.0,23806.0,2017,359.0,hospital
170419.0,0,0.0,0.0,0.0,2017,98.0,hospital
406480.0,0,0.0,0.0,0.0,2017,132.0,hospital
0.0,0,0.0,0.0,0.0,2017,97.0,hospital
190779.0,0,0.0,0.0,0.0,2017,103.0,hospital
0.0,0,0.0,0.0,0.0,2017,110.0,hospital
2268379.0,0,0.0,0.0,0.0,2017,94.0,hospital
0.0,0,0.0,0.0,0.0,2017,91.0,hospital
47772.0,540078,162076.0,378002.0,26634.0,2017,664.0,hospital
84447.0,4678744,1853838.0,2824906.0,1125855.0,2017,918.0,hospital
0.0,0,0.0,0.0,0.0,2017,92.0,hospital
15617.0,0,0.0,0.0,156901.0,2017,95.0,hospital
107035.0,1089015,1089015.0,0.0,0.0,2017,301.0,hospital
813.0,4694,974.0,3720.0,449.0,2017,492.0,hospital
1473318.0,10789228,10789228.0,0.0,0.0,2017,811.0,hospital
0.0,0,0.0,0.0,0.0,2017,812.0,hospital
0.0,0,0.0,0.0,0.0,2017,832.0,hospital
0.0,0,0.0,0.0,0.0,2017,841.0,hospital
0.0,0,0.0,0.0,0.0,2017,856.0,hospital
850926.0,180040,180040.0,0.0,0.0,2017,859.0,hospital
0.0,0,0.0,0.0,0.0,2017,861.0,hospital
0.0,52863,0.0,52863.0,0.0,2017,880.0,hospital
0.0,0,0.0,0.0,0.0,2017,883.0,hospital
0.0,0,0.0,0.0,0.0,2017,884.0,hospital
0.0,0,0.0,0.0,0.0,2017,877.0,hospital
0.0,168151,0.0,168151.0,0.0,2017,911.0,hospital
0.0,3186,3186.0,0.0,0.0,2017,913.0,hospital
2231211.0,16038983,16038983.0,0.0,0.0,2017,922.0,hospital
0.0,0,0.0,0.0,0.0,2017,923.0,hospital
0.0,0,0.0,0.0,0.0,2017,924.0,hospital
165127.0,13714,0.0,13714.0,76018.0,2017,947.0,hospital
0.0,0,0.0,0.0,0.0,2017,951.0,hospital
0.0,47693,0.0,47693.0,32794.0,2017,1103.0,hospital
0.0,0,0.0,0.0,0.0,2017,972.0,hospital
213444.0,884592,879042.0,5550.0,67039.0,2017,973.0,hospital
0.0,0,0.0,0.0,0.0,2017,974.0,hospital
430321.0,0,0.0,0.0,0.0,2017,975.0,hospital
0.0,0,0.0,0.0,0.0,2017,960.0,hospital
2211.0,0,0.0,0.0,0.0,2017,1028.0,hospital
0.0,70153,70153.0,0.0,0.0,2017,976.0,hospital
0.0,0,0.0,0.0,0.0,2017,977.0,hospital
828781.0,0,0.0,0.0,0.0,2017,1020.0,hospital
87595.0,675241,334147.0,341094.0,30579.0,2017,994.0,hospital
0.0,0,0.0,0.0,0.0,2017,995.0,hospital
235450.0,1100075,1100075.0,0.0,0.0,2017,1060.0,hospital
0.0,0,0.0,0.0,0.0,2017,1005.0,hospital
309375.0,0,0.0,0.0,0.0,2017,1061.0,hospital
1497960.0,0,0.0,0.0,0.0,2017,1062.0,hospital
0.0,0,0.0,0.0,0.0,2017,1006.0,hospital
3850.0,17514,17514.0,0.0,0.0,2017,1088.0,hospital
473889.0,3174984,3174984.0,0.0,0.0,2017,1089.0,hospital
0.0,33973,33973.0,0.0,0.0,2017,1076.0,hospital
2104905.0,0,0.0,0.0,0.0,2017,1078.0,hospital
680.0,363364,81329.0,282035.0,0.0,2017,1033.0,hospital
0.0,0,0.0,0.0,0.0,2017,1037.0,hospital
752143.0,246373,246373.0,0.0,0.0,2017,1039.0,hospital
0.0,0,0.0,0.0,0.0,2017,1067.0,hospital
0.0,0,0.0,0.0,0.0,2017,1065.0,hospital
4565210.0,8861836,8652614.0,209222.0,915876.0,2017,1066.0,hospital
0.0,0,0.0,0.0,0.0,2017,1100.0,hospital
0.0,0,0.0,0.0,0.0,2017,1105.0,hospital
4242403.0,0,0.0,0.0,0.0,2017,1107.0,hospital
954855.0,78457,78457.0,0.0,0.0,2017,1111.0,hospital
864441.0,0,0.0,0.0,0.0,2017,1121.0,hospital
0.0,0,0.0,0.0,0.0,2017,1119.0,hospital
0.0,0,0.0,0.0,0.0,2017,207.0,hospital
45981.0,107847,0.0,107847.0,0.0,2017,431.0,hospital
6177.0,132922,50201.0,82721.0,1189804.0,2017,387.0,hospital
0.0,0,0.0,0.0,0.0,2017,179.0,hospital
4850.0,123612,44892.0,78720.0,8779.0,2017,606.0,hospital
0.0,0,0.0,0.0,0.0,2017,925.0,hospital
478.0,72991,35921.0,37070.0,19755.0,2017,541.0,hospital
0.0,96733,83233.0,13500.0,27744.0,2017,797.0,hospital
0.0,0,0.0,0.0,0.0,2017,627.0,hospital
0.0,0,0.0,0.0,0.0,2017,173.0,hospital
135268.0,1970861,1645236.0,325625.0,0.0,2017,636.0,hospital
0.0,0,0.0,0.0,0.0,2017,205.0,hospital
51122.0,49651,49651.0,0.0,4382.0,2017,814.0,hospital
0.0,0,0.0,0.0,0.0,2017,881.0,hospital
301351.0,2312427,1208361.0,1104066.0,348850.0,2017,771.0,hospital
0.0,0,0.0,0.0,0.0,2017,533.0,hospital
371455.0,3235053,3193520.0,41533.0,111227.0,2017,447.0,hospital
0.0,0,0.0,0.0,0.0,2017,815.0,hospital
0.0,0,0.0,0.0,0.0,2017,801.0,hospital
1285033.0,684090,684090.0,0.0,58214.0,2017,800.0,hospital
62631.0,1809903,1579791.0,230112.0,25138.0,2017,389.0,hospital
23363.0,703918,170080.0,533838.0,117188.0,2017,695.0,hospital
9797.0,306645,141363.0,165282.0,18324.0,2017,816.0,hospital
9627.0,528517,171716.0,356801.0,12871.0,2017,833.0,hospital
0.0,0,0.0,0.0,0.0,2017,870.0,hospital
0.0,0,0.0,0.0,0.0,2017,927.0,hospital
0.0,0,0.0,0.0,0.0,2017,961.0,hospital
483292.0,25514,6863.0,18651.0,2524.0,2017,962.0,hospital
0.0,0,0.0,0.0,0.0,2017,1079.0,hospital
1239737.0,7532873,7393614.0,139259.0,217629.0,2017,1101.0,hospital
282363.0,212052,154859.0,57193.0,162035.0,2017,666.0,hospital
0.0,29726,29726.0,0.0,0.0,2017,392.0,hospital
4939.0,92006,92006.0,0.0,0.0,2017,790.0,hospital
62416.0,48842,38558.0,10284.0,33922.0,2017,650.0,hospital
60144.0,195395,194575.0,820.0,23187.0,2017,876.0,hospital
94669.0,0,0.0,0.0,5183.0,2017,944.0,hospital
841671.0,6921836,6921836.0,0.0,0.0,2017,952.0,hospital
258352.0,0,0.0,0.0,0.0,2017,54.0,hospital
7480.0,919976,919976.0,0.0,1560.0,2017,367.0,hospital
8413.0,159415,41618.0,117797.0,9495.0,2017,538.0,hospital
6273.0,54693,10533.0,44160.0,44820.0,2017,557.0,hospital
3008.0,44954,3008.0,41946.0,32451.0,2017,653.0,hospital
5540.0,26218,4010.0,22208.0,33304.0,2017,647.0,hospital
20963.0,1040019,507264.0,532755.0,86837.0,2017,978.0,hospital
0.0,6285,0.0,6285.0,14669.0,2017,996.0,hospital
0.0,0,0.0,0.0,0.0,2017,729.0,hospital
622148.0,10643870,10643870.0,0.0,0.0,2017,182.0,hospital
0.0,0,0.0,0.0,0.0,2017,633.0,hospital
0.0,0,0.0,0.0,0.0,2017,685.0,hospital
0.0,0,0.0,0.0,0.0,2017,683.0,hospital
0.0,0,0.0,0.0,2571.0,2017,945.0,hospital
824536.0,768650,768650.0,0.0,301096.0,2017,953.0,hospital
0.0,0,0.0,0.0,0.0,2017,1022.0,hospital
5433.0,0,0.0,0.0,0.0,2017,1049.0,hospital
0.0,0,0.0,0.0,0.0,2017,794.0,hospital
0.0,20361,20361.0,0.0,0.0,2017,415.0,hospital
0.0,0,0.0,0.0,0.0,2017,592.0,hospital
925645.0,3518627,2882069.0,636558.0,658902.0,2017,497.0,hospital
0.0,0,0.0,0.0,0.0,2017,458.0,hospital
32520.0,344056,31437.0,312619.0,56849.0,2017,726.0,hospital
0.0,0,0.0,0.0,0.0,2017,272.0,hospital
0.0,0,0.0,0.0,0.0,2017,805.0,hospital
0.0,0,0.0,0.0,0.0,2017,234.0,hospital
955095.0,891441,891441.0,0.0,0.0,2017,64.0,hospital
0.0,0,0.0,0.0,0.0,2017,842.0,hospital
0.0,0,0.0,0.0,0.0,2017,843.0,hospital
138511.0,757364,396330.0,361034.0,114921.0,2017,803.0,hospital
33990.0,15255,15255.0,0.0,24105.0,2017,448.0,hospital
0.0,0,0.0,0.0,0.0,2017,151.0,hospital
663.0,3295,3295.0,0.0,3322.0,2017,425.0,hospital
0.0,0,0.0,0.0,0.0,2017,300.0,hospital
0.0,0,0.0,0.0,0.0,2017,339.0,hospital
186546.0,132988,10845.0,122143.0,86660.0,2017,874.0,hospital
0.0,0,0.0,0.0,0.0,2017,905.0,hospital
0.0,0,0.0,0.0,0.0,2017,1123.0,hospital
106738.0,3007703,2061493.0,946210.0,377919.0,2017,736.0,hospital
0.0,0,0.0,0.0,0.0,2017,459.0,hospital
23435.0,112542,112542.0,0.0,0.0,2017,320.0,hospital
789329.0,408719,408719.0,0.0,0.0,2017,45.0,hospital
2779.0,67042,9809.0,57233.0,8499.0,2017,618.0,hospital
24.0,47,21.0,26.0,14.0,2017,463.0,hospital
1595396.0,1365266,1365266.0,0.0,1351660.0,2017,891.0,hospital
0.0,0,0.0,0.0,0.0,2017,958.0,hospital
0.0,0,0.0,0.0,0.0,2017,244.0,hospital
0.0,0,0.0,0.0,0.0,2017,28.0,hospital
0.0,0,0.0,0.0,0.0,2017,444.0,hospital
0.0,0,0.0,0.0,0.0,2017,479.0,hospital
110196.0,7251284,7251284.0,0.0,2161.0,2017,285.0,hospital
0.0,0,0.0,0.0,0.0,2017,253.0,hospital
1161762.0,5422824,5114162.0,308662.0,106693.0,2017,481.0,hospital
0.0,0,0.0,0.0,0.0,2017,540.0,hospital
0.0,0,0.0,0.0,0.0,2017,41.0,hospital
0.0,0,0.0,0.0,0.0,2017,510.0,hospital
0.0,0,0.0,0.0,0.0,2017,305.0,hospital
0.0,173484,0.0,173484.0,10444.0,2017,708.0,hospital
0.0,0,0.0,0.0,0.0,2017,755.0,hospital
0.0,0,0.0,0.0,0.0,2017,750.0,hospital
0.0,0,0.0,0.0,0.0,2017,696.0,hospital
0.0,780869,0.0,780869.0,49978.0,2017,421.0,hospital
0.0,0,0.0,0.0,0.0,2017,827.0,hospital
48179.0,143150,0.0,143150.0,0.0,2017,933.0,hospital
1122397.0,10622771,10622771.0,0.0,0.0,2017,1030.0,hospital
0.0,0,0.0,0.0,0.0,2017,1003.0,hospital
0.0,0,0.0,0.0,0.0,2017,1050.0,hospital
2429626.0,12824103,12754505.0,69598.0,89200.0,2017,1043.0,hospital
0.0,0,0.0,0.0,0.0,2017,1128.0,hospital
72194.0,0,0.0,0.0,0.0,2017,1125.0,hospital
0.0,0,0.0,0.0,0.0,2017,1135.0,hospital
2170.0,692386,478485.0,213901.0,20497.0,2017,934.0,hospital
78428.0,1975653,626615.0,1349038.0,411256.0,2017,629.0,hospital
0.0,144231,0.0,144231.0,0.0,2017,21.0,hospital
289529.0,2889540,2583345.0,306195.0,191366.0,2017,615.0,hospital
387848.0,5462787,5455200.0,7587.0,13726.0,2017,626.0,hospital
65653.0,292605,287073.0,5532.0,576589.0,2017,417.0,hospital
23466.0,253370,148427.0,104943.0,5512.0,2017,597.0,hospital
112295.0,2900244,2608859.0,291385.0,56826.0,2017,539.0,hospital
366252.0,2876098,2556983.0,319115.0,17555.0,2017,343.0,hospital
0.0,0,0.0,0.0,0.0,2017,135.0,hospital
100771.0,75666,75666.0,0.0,0.0,2017,158.0,hospital
32295.0,510460,188094.0,322366.0,72650.0,2017,775.0,hospital
0.0,61850,61850.0,0.0,0.0,2017,177.0,hospital
222943.0,2919127,2895500.0,23627.0,9894.0,2017,578.0,hospital
63129.0,1748393,1639458.0,108935.0,3172.0,2017,416.0,hospital
314.0,114530,93825.0,20705.0,10971.0,2017,561.0,hospital
177669.0,0,0.0,0.0,0.0,2017,62.0,hospital
534639.0,0,0.0,0.0,0.0,2017,828.0,hospital
28925.0,212713,207868.0,4845.0,2525.0,2017,860.0,hospital
0.0,1455,1195.0,260.0,0.0,2017,935.0,hospital
0.0,0,0.0,0.0,0.0,2017,936.0,hospital
1849.0,2122,2122.0,0.0,0.0,2017,986.0,hospital
13402.0,385771,99598.0,286173.0,93958.0,2017,987.0,hospital
0.0,0,0.0,0.0,0.0,2017,1021.0,hospital
0.0,0,0.0,0.0,0.0,2017,1085.0,hospital
4180.0,578242,477733.0,100509.0,11157.0,2017,658.0,hospital
0.0,20315,20315.0,0.0,0.0,2017,353.0,hospital
512808.0,0,0.0,0.0,0.0,2017,323.0,hospital
0.0,82348,4321.0,78027.0,1673.0,2017,620.0,hospital
83408.0,4130619,27702.0,4102917.0,2128264.0,2017,384.0,hospital
79827.0,484218,238285.0,245933.0,113418.0,2017,554.0,hospital
52426.0,962478,962478.0,0.0,8416.0,2017,209.0,hospital
0.0,1405030,569236.0,835794.0,303745.0,2017,707.0,hospital
0.0,0,0.0,0.0,0.0,2017,395.0,hospital
13942.0,1083843,1083843.0,0.0,0.0,2017,969.0,hospital
0.0,0,0.0,0.0,0.0,2017,1052.0,hospital
314017.0,400485,319964.0,80521.0,369441.0,2017,739.0,hospital
82281.0,15147,15147.0,0.0,31772.0,2017,613.0,hospital
33030.0,64033,59763.0,4270.0,7509.0,2017,593.0,hospital
71895.0,140756,115226.0,25530.0,122167.0,2017,704.0,hospital
0.0,0,0.0,0.0,0.0,2017,493.0,hospital
279753.0,4029,0.0,4029.0,0.0,2017,686.0,hospital
0.0,0,0.0,0.0,0.0,2017,257.0,hospital
151501.0,798136,798136.0,0.0,0.0,2017,494.0,hospital
83533.0,23528,23528.0,0.0,0.0,2017,681.0,hospital
28153.0,112745,30185.0,82560.0,15671.0,2017,329.0,hospital
456322.0,0,0.0,0.0,0.0,2017,87.0,hospital
36828.0,23085,23085.0,0.0,13481.0,2017,527.0,hospital
0.0,0,0.0,0.0,0.0,2017,562.0,hospital
1789933.0,6905394,6894362.0,11032.0,118029.0,2017,251.0,hospital
1394230.0,351536,351536.0,0.0,0.0,2017,129.0,hospital
0.0,155616,46740.0,108876.0,0.0,2017,154.0,hospital
0.0,0,0.0,0.0,0.0,2017,516.0,hospital
0.0,0,0.0,0.0,0.0,2017,184.0,hospital
0.0,0,0.0,0.0,0.0,2017,652.0,hospital
