,id,nombre
0,99000,Hospital_99000
1,68000,Hospital_68000
2,41100,Hospital_41100
3,24100,Hospital_24100
4,55800,Hospital_55800
5,16700,Hospital_16700
6,24800,Hospital_24800
7,22400,Hospital_22400
8,59100,Hospital_59100
9,58600,Hospital_58600
10,45300,Hospital_45300
11,11300,Hospital_11300
12,61900,Hospital_61900
13,16300,Hospital_16300
14,13100,Hospital_13100
15,37500,Hospital_37500
16,109000,Hospital_109000
17,76400,Hospital_76400
18,1400,Hospital_1400
19,65700,Hospital_65700
20,36200,Hospital_36200
21,98900,Hospital_98900
22,14500,Hospital_14500
23,51100,Hospital_51100
24,53000,Hospital_53000
25,600,Hospital_600
26,16100,Hospital_16100
27,62300,Hospital_62300
28,48900,Hospital_48900
29,87500,Hospital_87500
30,94000,Hospital_94000
31,94600,Hospital_94600
32,102300,Hospital_102300
33,105400,Hospital_105400
34,105700,Hospital_105700
35,103100,Hospital_103100
36,103200,Hospital_103200
37,106400,Hospital_106400
38,22600,Hospital_22600
39,68700,Hospital_68700
40,74500,Hospital_74500
41,10900,Hospital_10900
42,80800,Hospital_80800
43,97100,Hospital_97100
44,12800,Hospital_12800
45,91900,Hospital_91900
46,72500,Hospital_72500
47,300,Hospital_300
48,38600,Hospital_38600
49,30600,Hospital_30600
50,1500,Hospital_1500
51,26400,Hospital_26400
52,86700,Hospital_86700
53,91000,Hospital_91000
54,105300,Hospital_105300
55,105500,Hospital_105500
56,108100,Hospital_108100
57,109900,Hospital_109900
58,52900,Hospital_52900
59,34500,Hospital_34500
60,51500,Hospital_51500
61,17400,Hospital_17400
62,52300,Hospital_52300
63,69700,Hospital_69700
64,23900,Hospital_23900
65,28700,Hospital_28700
66,37700,Hospital_37700
67,69200,Hospital_69200
68,33500,Hospital_33500
69,43500,Hospital_43500
70,42300,Hospital_42300
71,35100,Hospital_35100
72,81000,Hospital_81000
73,83000,Hospital_83000
74,89200,Hospital_89200
75,92100,Hospital_92100
76,99100,Hospital_99100
77,99200,Hospital_99200
78,99300,Hospital_99300
79,107000,Hospital_107000
80,109500,Hospital_109500
81,109400,Hospital_109400
82,47300,Hospital_47300
83,66300,Hospital_66300
84,55200,Hospital_55200
85,77200,Hospital_77200
86,56800,Hospital_56800
87,39800,Hospital_39800
88,39400,Hospital_39400
89,61400,Hospital_61400
90,23500,Hospital_23500
91,61600,Hospital_61600
92,26700,Hospital_26700
93,56500,Hospital_56500
94,22000,Hospital_22000
95,27800,Hospital_27800
96,10700,Hospital_10700
97,14100,Hospital_14100
98,71100,Hospital_71100
99,20400,Hospital_20400
100,57900,Hospital_57900
101,34800,Hospital_34800
102,76600,Hospital_76600
103,76100,Hospital_76100
104,72800,Hospital_72800
105,28000,Hospital_28000
106,22200,Hospital_22200
107,27600,Hospital_27600
108,1100,Hospital_1100
109,30200,Hospital_30200
110,68200,Hospital_68200
111,27900,Hospital_27900
112,28200,Hospital_28200
113,28100,Hospital_28100
114,18300,Hospital_18300
115,61000,Hospital_61000
116,11600,Hospital_11600
117,11500,Hospital_11500
118,11400,Hospital_11400
119,12600,Hospital_12600
120,11900,Hospital_11900
121,77000,Hospital_77000
122,58300,Hospital_58300
123,13600,Hospital_13600
124,46900,Hospital_46900
125,64200,Hospital_64200
126,67400,Hospital_67400
127,19300,Hospital_19300
128,52600,Hospital_52600
129,69800,Hospital_69800
130,63000,Hospital_63000
131,12400,Hospital_12400
132,36400,Hospital_36400
133,60400,Hospital_60400
134,12300,Hospital_12300
135,31000,Hospital_31000
136,57100,Hospital_57100
137,29600,Hospital_29600
138,56600,Hospital_56600
139,78400,Hospital_78400
140,10200,Hospital_10200
141,37900,Hospital_37900
142,63900,Hospital_63900
143,45700,Hospital_45700
144,60900,Hospital_60900
145,10100,Hospital_10100
146,45400,Hospital_45400
147,31800,Hospital_31800
148,60000,Hospital_60000
149,54500,Hospital_54500
150,10000,Hospital_10000
151,70200,Hospital_70200
152,77800,Hospital_77800
153,34100,Hospital_34100
154,9900,Hospital_9900
155,76700,Hospital_76700
156,35900,Hospital_35900
157,9800,Hospital_9800
158,13200,Hospital_13200
159,9700,Hospital_9700
160,10300,Hospital_10300
161,11000,Hospital_11000
162,9400,Hospital_9400
163,9100,Hospital_9100
164,66400,Hospital_66400
165,91800,Hospital_91800
166,9200,Hospital_9200
167,9500,Hospital_9500
168,9600,Hospital_9600
169,30100,Hospital_30100
170,49200,Hospital_49200
171,81100,Hospital_81100
172,81200,Hospital_81200
173,83200,Hospital_83200
174,84100,Hospital_84100
175,85600,Hospital_85600
176,85900,Hospital_85900
177,86100,Hospital_86100
178,88000,Hospital_88000
179,88300,Hospital_88300
180,88400,Hospital_88400
181,87700,Hospital_87700
182,91100,Hospital_91100
183,91300,Hospital_91300
184,92200,Hospital_92200
185,92300,Hospital_92300
186,92400,Hospital_92400
187,94700,Hospital_94700
188,95100,Hospital_95100
189,110300,Hospital_110300
190,97200,Hospital_97200
191,97300,Hospital_97300
192,97400,Hospital_97400
193,97500,Hospital_97500
194,96000,Hospital_96000
195,102800,Hospital_102800
196,97600,Hospital_97600
197,97700,Hospital_97700
198,102000,Hospital_102000
199,99400,Hospital_99400
200,99500,Hospital_99500
201,106000,Hospital_106000
202,100500,Hospital_100500
203,106100,Hospital_106100
204,100600,Hospital_100600
205,108800,Hospital_108800
206,108900,Hospital_108900
207,107600,Hospital_107600
208,107800,Hospital_107800
209,103300,Hospital_103300
210,103600,Hospital_103600
211,103700,Hospital_103700
212,103900,Hospital_103900
213,106700,Hospital_106700
214,106500,Hospital_106500
215,106600,Hospital_106600
216,20700,Hospital_20700
217,43100,Hospital_43100
218,38700,Hospital_38700
219,17900,Hospital_17900
220,60600,Hospital_60600
221,92500,Hospital_92500
222,54100,Hospital_54100
223,79700,Hospital_79700
224,62700,Hospital_62700
225,17300,Hospital_17300
226,63600,Hospital_63600
227,20500,Hospital_20500
228,81400,Hospital_81400
229,88100,Hospital_88100
230,77100,Hospital_77100
231,53300,Hospital_53300
232,44700,Hospital_44700
233,81500,Hospital_81500
234,80100,Hospital_80100
235,80000,Hospital_80000
236,38900,Hospital_38900
237,69500,Hospital_69500
238,81600,Hospital_81600
239,83300,Hospital_83300
240,87000,Hospital_87000
241,92700,Hospital_92700
242,96100,Hospital_96100
243,96200,Hospital_96200
244,107900,Hospital_107900
245,110100,Hospital_110100
246,66600,Hospital_66600
247,39200,Hospital_39200
248,79000,Hospital_79000
249,65000,Hospital_65000
250,87600,Hospital_87600
251,94400,Hospital_94400
252,95200,Hospital_95200
253,5400,Hospital_5400
254,36700,Hospital_36700
255,53800,Hospital_53800
256,55700,Hospital_55700
257,65300,Hospital_65300
258,64700,Hospital_64700
259,97800,Hospital_97800
260,99600,Hospital_99600
261,72900,Hospital_72900
262,18200,Hospital_18200
263,63300,Hospital_63300
264,68500,Hospital_68500
265,68300,Hospital_68300
266,94500,Hospital_94500
267,95300,Hospital_95300
268,102200,Hospital_102200
269,104900,Hospital_104900
270,79400,Hospital_79400
271,41500,Hospital_41500
272,59200,Hospital_59200
273,49700,Hospital_49700
274,72600,Hospital_72600
275,27200,Hospital_27200
276,80500,Hospital_80500
277,500,Hospital_500
278,23400,Hospital_23400
279,6400,Hospital_6400
280,84200,Hospital_84200
281,84300,Hospital_84300
282,102500,Hospital_102500
283,80300,Hospital_80300
284,21100,Hospital_21100
285,77300,Hospital_77300
286,42400,Hospital_42400
287,29800,Hospital_29800
288,59400,Hospital_59400
289,23700,Hospital_23700
290,1600,Hospital_1600
291,76800,Hospital_76800
292,61700,Hospital_61700
293,29700,Hospital_29700
294,10500,Hospital_10500
295,54400,Hospital_54400
296,80400,Hospital_80400
297,47000,Hospital_47000
298,10400,Hospital_10400
299,2000,Hospital_2000
300,55000,Hospital_55000
301,11200,Hospital_11200
302,81800,Hospital_81800
303,91400,Hospital_91400
304,92800,Hospital_92800
305,96400,Hospital_96400
306,102600,Hospital_102600
307,106800,Hospital_106800
308,73800,Hospital_73800
309,40400,Hospital_40400
310,27400,Hospital_27400
311,27000,Hospital_27000
312,67600,Hospital_67600
313,70900,Hospital_70900
314,75400,Hospital_75400
315,99700,Hospital_99700
316,73400,Hospital_73400
317,29900,Hospital_29900
318,64500,Hospital_64500
319,1700,Hospital_1700
320,104600,Hospital_104600
321,42000,Hospital_42000
322,80200,Hospital_80200
323,26600,Hospital_26600
324,58000,Hospital_58000
325,13700,Hospital_13700
326,76900,Hospital_76900
327,77600,Hospital_77600
328,64000,Hospital_64000
329,31500,Hospital_31500
330,4000,Hospital_4000
331,50800,Hospital_50800
332,4600,Hospital_4600
333,59000,Hospital_59000
334,77700,Hospital_77700
335,89700,Hospital_89700
336,96500,Hospital_96500
337,67100,Hospital_67100
338,46100,Hospital_46100
339,37600,Hospital_37600
340,62100,Hospital_62100
341,79300,Hospital_79300
342,110200,Hospital_110200
343,71200,Hospital_71200
344,3200,Hospital_3200
345,36100,Hospital_36100
346,48600,Hospital_48600
347,59500,Hospital_59500
348,43300,Hospital_43300
349,105800,Hospital_105800
350,26100,Hospital_26100
351,73000,Hospital_73000
352,57700,Hospital_57700
353,78800,Hospital_78800
354,86500,Hospital_86500
355,97900,Hospital_97900
356,99800,Hospital_99800
357,22100,Hospital_22100
358,50600,Hospital_50600
359,72700,Hospital_72700
360,35500,Hospital_35500
361,48700,Hospital_48700
362,93800,Hospital_93800
363,88600,Hospital_88600
364,83500,Hospital_83500
365,99900,Hospital_99900
366,79800,Hospital_79800
367,50400,Hospital_50400
368,24700,Hospital_24700
369,21600,Hospital_21600
370,65400,Hospital_65400
371,6500,Hospital_6500
372,47200,Hospital_47200
373,42700,Hospital_42700
374,49100,Hospital_49100
375,55100,Hospital_55100
376,10600,Hospital_10600
377,81900,Hospital_81900
378,83600,Hospital_83600
379,91500,Hospital_91500
380,94200,Hospital_94200
381,74800,Hospital_74800
382,19800,Hospital_19800
383,87100,Hospital_87100
384,94800,Hospital_94800
385,105100,Hospital_105100
386,108300,Hospital_108300
387,109600,Hospital_109600
388,67900,Hospital_67900
389,17600,Hospital_17600
390,53700,Hospital_53700
391,60800,Hospital_60800
392,59600,Hospital_59600
393,74900,Hospital_74900
394,75800,Hospital_75800
395,110400,Hospital_110400
396,43600,Hospital_43600
397,56700,Hospital_56700
398,67700,Hospital_67700
399,67000,Hospital_67000
400,58800,Hospital_58800
401,44600,Hospital_44600
402,75300,Hospital_75300
403,88700,Hospital_88700
404,58500,Hospital_58500
405,24500,Hospital_24500
406,60300,Hospital_60300
407,42600,Hospital_42600
408,23200,Hospital_23200
409,28800,Hospital_28800
410,24600,Hospital_24600
411,28400,Hospital_28400
412,1800,Hospital_1800
413,35600,Hospital_35600
414,40100,Hospital_40100
415,73300,Hospital_73300
416,24300,Hospital_24300
417,38000,Hospital_38000
418,71600,Hospital_71600
419,53400,Hospital_53400
420,18500,Hospital_18500
421,25800,Hospital_25800
422,50500,Hospital_50500
423,26800,Hospital_26800
424,60200,Hospital_60200
425,25400,Hospital_25400
426,70500,Hospital_70500
427,13300,Hospital_13300
428,3300,Hospital_3300
429,14300,Hospital_14300
430,3600,Hospital_3600
431,75600,Hospital_75600
432,66200,Hospital_66200
433,19200,Hospital_19200
434,38200,Hospital_38200
435,32200,Hospital_32200
436,47800,Hospital_47800
437,35200,Hospital_35200
438,62800,Hospital_62800
439,29100,Hospital_29100
440,32700,Hospital_32700
441,69000,Hospital_69000
442,26200,Hospital_26200
443,40300,Hospital_40300
444,31200,Hospital_31200
445,58900,Hospital_58900
446,66500,Hospital_66500
447,33400,Hospital_33400
448,107500,Hospital_107500
449,75100,Hospital_75100
450,18600,Hospital_18600
451,64600,Hospital_64600
452,53600,Hospital_53600
453,24200,Hospital_24200
454,49000,Hospital_49000
455,50000,Hospital_50000
456,20600,Hospital_20600
457,5800,Hospital_5800
458,57200,Hospital_57200
459,18000,Hospital_18000
460,54900,Hospital_54900
461,58200,Hospital_58200
462,74300,Hospital_74300
463,79500,Hospital_79500
464,26900,Hospital_26900
465,63400,Hospital_63400
466,100,Hospital_100
467,71700,Hospital_71700
468,37300,Hospital_37300
469,53500,Hospital_53500
470,82400,Hospital_82400
471,88800,Hospital_88800
472,90200,Hospital_90200
473,96800,Hospital_96800
474,34600,Hospital_34600
475,2700,Hospital_2700
476,16500,Hospital_16500
477,95600,Hospital_95600
478,41300,Hospital_41300
479,14900,Hospital_14900
480,61200,Hospital_61200
481,55900,Hospital_55900
482,700,Hospital_700
483,28300,Hospital_28300
484,3700,Hospital_3700
485,15300,Hospital_15300
486,54700,Hospital_54700
487,39700,Hospital_39700
488,55600,Hospital_55600
489,4200,Hospital_4200
490,3100,Hospital_3100
491,74000,Hospital_74000
492,21700,Hospital_21700
493,86300,Hospital_86300
494,88900,Hospital_88900
495,98400,Hospital_98400
496,3400,Hospital_3400
497,79100,Hospital_79100
498,18100,Hospital_18100
499,43000,Hospital_43000
500,49500,Hospital_49500
501,84500,Hospital_84500
502,49800,Hospital_49800
503,31400,Hospital_31400
504,72000,Hospital_72000
505,72100,Hospital_72100
506,48500,Hospital_48500
507,27300,Hospital_27300
508,84600,Hospital_84600
509,84700,Hospital_84700
510,84800,Hospital_84800
511,86400,Hospital_86400
512,91600,Hospital_91600
513,93000,Hospital_93000
514,95400,Hospital_95400
515,94300,Hospital_94300
516,94900,Hospital_94900
517,98000,Hospital_98000
518,98100,Hospital_98100
519,102400,Hospital_102400
520,101700,Hospital_101700
521,100000,Hospital_100000
522,101800,Hospital_101800
523,100100,Hospital_100100
524,100700,Hospital_100700
525,100800,Hospital_100800
526,100900,Hospital_100900
527,101000,Hospital_101000
528,101100,Hospital_101100
529,101200,Hospital_101200
530,101300,Hospital_101300
531,104100,Hospital_104100
532,107300,Hospital_107300
533,108700,Hospital_108700
534,78900,Hospital_78900
535,32600,Hospital_32600
536,44200,Hospital_44200
537,29400,Hospital_29400
538,37800,Hospital_37800
539,40200,Hospital_40200
540,2900,Hospital_2900
541,45000,Hospital_45000
542,65600,Hospital_65600
543,33300,Hospital_33300
544,66800,Hospital_66800
545,68400,Hospital_68400
546,42200,Hospital_42200
547,76300,Hospital_76300
548,74100,Hospital_74100
549,55300,Hospital_55300
550,35700,Hospital_35700
551,89900,Hospital_89900
552,90000,Hospital_90000
553,93200,Hospital_93200
554,95000,Hospital_95000
555,96600,Hospital_96600
556,96700,Hospital_96700
557,98200,Hospital_98200
558,101400,Hospital_101400
559,104800,Hospital_104800
560,108000,Hospital_108000
561,107400,Hospital_107400
562,72200,Hospital_72200
563,66000,Hospital_66000
564,7500,Hospital_7500
565,24900,Hospital_24900
566,27500,Hospital_27500
567,22700,Hospital_22700
568,15000,Hospital_15000
569,4700,Hospital_4700
570,17200,Hospital_17200
571,58100,Hospital_58100
572,12000,Hospital_12000
573,44500,Hospital_44500
574,47100,Hospital_47100
575,5300,Hospital_5300
576,19900,Hospital_19900
577,57500,Hospital_57500
578,52800,Hospital_52800
579,63100,Hospital_63100
580,69900,Hospital_69900
581,82300,Hospital_82300
582,84900,Hospital_84900
583,86900,Hospital_86900
584,95500,Hospital_95500
585,98300,Hospital_98300
586,100200,Hospital_100200
587,101500,Hospital_101500
588,5100,Hospital_5100
589,44100,Hospital_44100
590,71500,Hospital_71500
591,52100,Hospital_52100
592,52400,Hospital_52400
593,43200,Hospital_43200
594,1900,Hospital_1900
595,2500,Hospital_2500
596,2600,Hospital_2600
597,89000,Hospital_89000
598,90400,Hospital_90400
599,95700,Hospital_95700
600,93900,Hospital_93900
601,23600,Hospital_23600
602,73500,Hospital_73500
603,14600,Hospital_14600
604,36300,Hospital_36300
605,18700,Hospital_18700
606,26500,Hospital_26500
607,29500,Hospital_29500
608,49600,Hospital_49600
609,7700,Hospital_7700
610,39100,Hospital_39100
611,24000,Hospital_24000
612,44800,Hospital_44800
613,15100,Hospital_15100
614,42500,Hospital_42500
615,30000,Hospital_30000
616,33900,Hospital_33900
617,82600,Hospital_82600
618,87400,Hospital_87400
619,90500,Hospital_90500
620,73600,Hospital_73600
621,45900,Hospital_45900
622,32000,Hospital_32000
623,4500,Hospital_4500
624,29200,Hospital_29200
625,61800,Hospital_61800
626,46300,Hospital_46300
627,89100,Hospital_89100
628,95800,Hospital_95800
629,24400,Hospital_24400
630,2800,Hospital_2800
631,44400,Hospital_44400
632,47900,Hospital_47900
633,28500,Hospital_28500
634,25300,Hospital_25300
635,48100,Hospital_48100
636,54000,Hospital_54000
637,33200,Hospital_33200
638,4100,Hospital_4100
639,51000,Hospital_51000
640,30500,Hospital_30500
641,70800,Hospital_70800
642,75500,Hospital_75500
643,75000,Hospital_75000
644,69600,Hospital_69600
645,43400,Hospital_43400
646,42100,Hospital_42100
647,82700,Hospital_82700
648,93300,Hospital_93300
649,103000,Hospital_103000
650,100300,Hospital_100300
651,105000,Hospital_105000
652,104300,Hospital_104300
653,93400,Hospital_93400
654,62900,Hospital_62900
655,2100,Hospital_2100
656,61500,Hospital_61500
657,62600,Hospital_62600
658,41700,Hospital_41700
659,59700,Hospital_59700
660,53900,Hospital_53900
661,34300,Hospital_34300
662,13500,Hospital_13500
663,15800,Hospital_15800
664,77500,Hospital_77500
665,17700,Hospital_17700
666,57800,Hospital_57800
667,41600,Hospital_41600
668,56100,Hospital_56100
669,82800,Hospital_82800
670,86000,Hospital_86000
671,93500,Hospital_93500
672,93600,Hospital_93600
673,98600,Hospital_98600
674,98700,Hospital_98700
675,102100,Hospital_102100
676,108500,Hospital_108500
677,65800,Hospital_65800
678,35300,Hospital_35300
679,32300,Hospital_32300
680,62000,Hospital_62000
681,38400,Hospital_38400
682,55400,Hospital_55400
683,20900,Hospital_20900
684,70700,Hospital_70700
685,39500,Hospital_39500
686,96900,Hospital_96900
687,105200,Hospital_105200
688,73900,Hospital_73900
689,61300,Hospital_61300
690,59300,Hospital_59300
691,70400,Hospital_70400
692,49300,Hospital_49300
693,68600,Hospital_68600
694,25700,Hospital_25700
695,49400,Hospital_49400
696,68100,Hospital_68100
697,28600,Hospital_28600
698,25500,Hospital_25500
699,7900,Hospital_7900
700,8100,Hospital_8100
701,68800,Hospital_68800
702,53100,Hospital_53100
703,51400,Hospital_51400
704,49900,Hospital_49900
705,53200,Hospital_53200
706,19000,Hospital_19000
707,59800,Hospital_59800
708,26000,Hospital_26000
709,83800,Hospital_83800
710,83900,Hospital_83900
711,85100,Hospital_85100
712,85200,Hospital_85200
713,98800,Hospital_98800
714,105600,Hospital_105600
715,104400,Hospital_104400
716,64400,Hospital_64400
717,75200,Hospital_75200
718,23800,Hospital_23800
719,32500,Hospital_32500
720,62200,Hospital_62200
721,87900,Hospital_87900
722,90600,Hospital_90600
723,37000,Hospital_37000
724,41800,Hospital_41800
725,57400,Hospital_57400
726,39900,Hospital_39900
727,19500,Hospital_19500
728,78300,Hospital_78300
729,26300,Hospital_26300
730,19400,Hospital_19400
731,21400,Hospital_21400
732,78500,Hospital_78500
733,78000,Hospital_78000
734,78200,Hospital_78200
735,36900,Hospital_36900
736,8400,Hospital_8400
737,71300,Hospital_71300
738,94100,Hospital_94100
739,109100,Hospital_109100
740,104500,Hospital_104500
741,108600,Hospital_108600
742,93700,Hospital_93700
743,100400,Hospital_100400
744,73700,Hospital_73700
745,76500,Hospital_76500
746,32900,Hospital_32900
747,8700,Hospital_8700
748,52700,Hospital_52700
749,56200,Hospital_56200
750,25100,Hospital_25100
751,12900,Hospital_12900
752,15400,Hospital_15400
753,51600,Hospital_51600
754,18400,Hospital_18400
755,65200,Hospital_65200
756,63700,Hospital_63700
757,8800,Hospital_8800
758,90700,Hospital_90700
759,97000,Hospital_97000
760,101900,Hospital_101900
761,101600,Hospital_101600
762,104700,Hospital_104700
763,63500,Hospital_63500
764,43900,Hospital_43900
765,57000,Hospital_57000
766,110000,Hospital_110000
767,110500,Hospital_110500
768,110700,Hospital_110700
769,45800,Hospital_45800
770,110800,Hospital_110800
771,108400,Hospital_108400
772,110600,Hospital_110600
773,6200,Hospital_6200
774,111100,Hospital_111100
775,88200,Hospital_88200
776,110900,Hospital_110900
777,111000,Hospital_111000
778,111200,Hospital_111200
779,111300,Hospital_111300
780,111400,Hospital_111400
781,32400,Hospital_32400
782,107100,Hospital_107100
783,102700,Hospital_102700
784,75900,Hospital_75900
785,46200,Hospital_46200
786,72400,Hospital_72400
787,48400,Hospital_48400
788,1026,Hospital_1026
789,1068,Hospital_1068
790,1108,Hospital_1108
791,404,Hospital_404
792,270,Hospital_270
793,676,Hospital_676
794,709,Hospital_709
795,754,Hospital_754
796,997,Hospital_997
797,1069,Hospital_1069
798,1118,Hospital_1118
799,544,Hospital_544
800,804,Hospital_804
801,104,Hospital_104
802,20,Hospital_20
803,550,Hospital_550
804,112,Hospital_112
805,818,Hospital_818
806,882,Hospital_882
807,914,Hospital_914
808,928,Hospital_928
809,964,Hospital_964
810,734,Hospital_734
811,299,Hospital_299
812,645,Hospital_645
813,17,Hospital_17
814,1046,Hospital_1046
815,420,Hospital_420
816,802,Hospital_802
817,266,Hospital_266
818,137,Hospital_137
819,769,Hospital_769
820,776,Hospital_776
821,286,Hospital_286
822,255,Hospital_255
823,79,Hospital_79
824,81,Hospital_81
825,688,Hospital_688
826,531,Hospital_531
827,514,Hospital_514
828,499,Hospital_499
829,532,Hospital_532
830,190,Hospital_190
831,598,Hospital_598
832,211,Hospital_211
833,773,Hospital_773
834,424,Hospital_424
835,298,Hospital_298
836,594,Hospital_594
837,237,Hospital_237
838,16,Hospital_16
839,768,Hospital_768
840,617,Hospital_617
841,297,Hospital_297
842,105,Hospital_105
843,1024,Hospital_1024
844,1017,Hospital_1017
845,1000,Hospital_1000
846,1018,Hospital_1018
847,1001,Hospital_1001
848,1007,Hospital_1007
849,1008,Hospital_1008
850,1010,Hospital_1010
851,1011,Hospital_1011
852,1012,Hospital_1012
853,1013,Hospital_1013
854,1041,Hospital_1041
855,1073,Hospital_1073
856,1087,Hospital_1087
857,1109,Hospital_1109
858,1110,Hospital_1110
859,1112,Hospital_1112
860,1120,Hospital_1120
861,1126,Hospital_1126
862,789,Hospital_789
863,326,Hospital_326
864,442,Hospital_442
865,294,Hospital_294
866,378,Hospital_378
867,402,Hospital_402
868,29,Hospital_29
869,450,Hospital_450
870,656,Hospital_656
871,333,Hospital_333
872,684,Hospital_684
873,422,Hospital_422
874,763,Hospital_763
875,741,Hospital_741
876,553,Hospital_553
877,357,Hospital_357
878,899,Hospital_899
879,900,Hospital_900
880,932,Hospital_932
881,950,Hospital_950
882,966,Hospital_966
883,967,Hospital_967
884,982,Hospital_982
885,1014,Hospital_1014
886,1080,Hospital_1080
887,1074,Hospital_1074
888,1084,Hospital_1084
889,1113,Hospital_1113
890,1137,Hospital_1137
891,1142,Hospital_1142
892,722,Hospital_722
893,660,Hospital_660
894,75,Hospital_75
895,249,Hospital_249
896,227,Hospital_227
897,150,Hospital_150
898,47,Hospital_47
899,172,Hospital_172
900,581,Hospital_581
901,120,Hospital_120
902,471,Hospital_471
903,53,Hospital_53
904,199,Hospital_199
905,575,Hospital_575
906,528,Hospital_528
907,631,Hospital_631
908,699,Hospital_699
909,823,Hospital_823
910,849,Hospital_849
911,869,Hospital_869
912,955,Hospital_955
913,983,Hospital_983
914,1002,Hospital_1002
915,1015,Hospital_1015
916,51,Hospital_51
917,441,Hospital_441
918,327,Hospital_327
919,260,Hospital_260
920,838,Hospital_838
921,839,Hospital_839
922,851,Hospital_851
923,852,Hospital_852
924,988,Hospital_988
925,1056,Hospital_1056
926,1044,Hospital_1044
927,1114,Hospital_1114
928,1129,Hospital_1129
929,644,Hospital_644
930,915,Hospital_915
931,942,Hospital_942
932,1140,Hospital_1140
933,748,Hospital_748
934,198,Hospital_198
935,871,Hospital_871
936,948,Hospital_948
937,1051,Hospital_1051
938,1083,Hospital_1083
939,1096,Hospital_1096
940,679,Hospital_679
941,752,Hospital_752
942,238,Hospital_238
943,325,Hospital_325
944,622,Hospital_622
945,879,Hospital_879
946,906,Hospital_906
947,370,Hospital_370
948,418,Hospital_418
949,574,Hospital_574
950,399,Hospital_399
951,195,Hospital_195
952,783,Hospital_783
953,263,Hospital_263
954,194,Hospital_194
955,214,Hospital_214
956,785,Hospital_785
957,780,Hospital_780
958,782,Hospital_782
959,369,Hospital_369
960,713,Hospital_713
961,941,Hospital_941
962,1091,Hospital_1091
963,1045,Hospital_1045
964,1086,Hospital_1086
965,937,Hospital_937
966,1004,Hospital_1004
967,737,Hospital_737
968,765,Hospital_765
969,637,Hospital_637
970,88,Hospital_88
971,907,Hospital_907
972,970,Hospital_970
973,1019,Hospital_1019
974,1016,Hospital_1016
975,1047,Hospital_1047
976,635,Hospital_635
977,640,Hospital_640
978,315,Hospital_315
979,40,Hospital_40
980,508,Hospital_508
981,46,Hospital_46
982,590,Hospital_590
983,777,Hospital_777
984,897,Hospital_897
985,965,Hospital_965
986,461,Hospital_461
987,376,Hospital_376
988,621,Hospital_621
989,793,Hospital_793
990,1102,Hospital_1102
991,712,Hospital_712
992,32,Hospital_32
993,361,Hospital_361
994,486,Hospital_486
995,595,Hospital_595
996,433,Hospital_433
997,1058,Hospital_1058
998,261,Hospital_261
999,730,Hospital_730
1000,577,Hospital_577
1001,788,Hospital_788
1002,865,Hospital_865
1003,979,Hospital_979
1004,998,Hospital_998
1005,1072,Hospital_1072
1006,221,Hospital_221
1007,506,Hospital_506
1008,727,Hospital_727
1009,355,Hospital_355
1010,487,Hospital_487
1011,938,Hospital_938
1012,886,Hospital_886
1013,835,Hospital_835
1014,999,Hospital_999
1015,798,Hospital_798
1016,504,Hospital_504
1017,247,Hospital_247
1018,216,Hospital_216
1019,654,Hospital_654
1020,65,Hospital_65
1021,472,Hospital_472
1022,427,Hospital_427
1023,491,Hospital_491
1024,551,Hospital_551
1025,106,Hospital_106
1026,819,Hospital_819
1027,836,Hospital_836
1028,176,Hospital_176
1029,537,Hospital_537
1030,608,Hospital_608
1031,596,Hospital_596
1032,749,Hospital_749
1033,758,Hospital_758
1034,1104,Hospital_1104
1035,567,Hospital_567
1036,677,Hospital_677
1037,670,Hospital_670
1038,588,Hospital_588
1039,753,Hospital_753
1040,887,Hospital_887
1041,245,Hospital_245
1042,603,Hospital_603
1043,426,Hospital_426
1044,232,Hospital_232
1045,288,Hospital_288
1046,246,Hospital_246
1047,284,Hospital_284
1048,18,Hospital_18
1049,356,Hospital_356
1050,401,Hospital_401
1051,733,Hospital_733
1052,243,Hospital_243
1053,380,Hospital_380
1054,716,Hospital_716
1055,534,Hospital_534
1056,185,Hospital_185
1057,258,Hospital_258
1058,505,Hospital_505
1059,268,Hospital_268
1060,602,Hospital_602
1061,254,Hospital_254
1062,705,Hospital_705
1063,133,Hospital_133
1064,33,Hospital_33
1065,143,Hospital_143
1066,36,Hospital_36
1067,756,Hospital_756
1068,662,Hospital_662
1069,192,Hospital_192
1070,382,Hospital_382
1071,322,Hospital_322
1072,478,Hospital_478
1073,352,Hospital_352
1074,628,Hospital_628
1075,291,Hospital_291
1076,495,Hospital_495
1077,845,Hospital_845
1078,498,Hospital_498
1079,314,Hospital_314
1080,720,Hospital_720
1081,721,Hospital_721
1082,485,Hospital_485
1083,273,Hospital_273
1084,846,Hospital_846
1085,847,Hospital_847
1086,848,Hospital_848
1087,916,Hospital_916
1088,930,Hospital_930
1089,954,Hospital_954
1090,943,Hospital_943
1091,949,Hospital_949
1092,980,Hospital_980
1093,981,Hospital_981
1094,690,Hospital_690
1095,262,Hospital_262
1096,403,Hospital_403
1097,312,Hospital_312
1098,589,Hospital_589
1099,665,Hospital_665
1100,334,Hospital_334
1101,1075,Hospital_1075
1102,751,Hospital_751
1103,186,Hospital_186
1104,646,Hospital_646
1105,536,Hospital_536
1106,242,Hospital_242
1107,490,Hospital_490
1108,500,Hospital_500
1109,206,Hospital_206
1110,58,Hospital_58
1111,572,Hospital_572
1112,180,Hospital_180
1113,549,Hospital_549
1114,582,Hospital_582
1115,743,Hospital_743
1116,795,Hospital_795
1117,269,Hospital_269
1118,634,Hospital_634
1119,1,Hospital_1
1120,717,Hospital_717
1121,373,Hospital_373
1122,535,Hospital_535
1123,824,Hospital_824
1124,888,Hospital_888
1125,902,Hospital_902
1126,968,Hospital_968
1127,1130,Hospital_1130
1128,1141,Hospital_1141
1129,1145,Hospital_1145
1130,1122,Hospital_1122
1131,1133,Hospital_1133
1132,346,Hospital_346
1133,27,Hospital_27
1134,165,Hospital_165
1135,956,Hospital_956
1136,413,Hospital_413
1137,149,Hospital_149
1138,612,Hospital_612
1139,559,Hospital_559
1140,7,Hospital_7
1141,283,Hospital_283
1142,37,Hospital_37
1143,153,Hospital_153
1144,547,Hospital_547
1145,397,Hospital_397
1146,556,Hospital_556
1147,42,Hospital_42
1148,31,Hospital_31
1149,740,Hospital_740
1150,217,Hospital_217
1151,863,Hospital_863
1152,889,Hospital_889
1153,984,Hospital_984
1154,1106,Hospital_1106
1155,1146,Hospital_1146
1156,34,Hospital_34
1157,791,Hospital_791
1158,181,Hospital_181
1159,430,Hospital_430
1160,715,Hospital_715
1161,521,Hospital_521
1162,524,Hospital_524
1163,432,Hospital_432
1164,19,Hospital_19
1165,25,Hospital_25
1166,26,Hospital_26
1167,890,Hospital_890
1168,904,Hospital_904
1169,957,Hospital_957
1170,939,Hospital_939
1171,236,Hospital_236
1172,735,Hospital_735
1173,146,Hospital_146
1174,363,Hospital_363
1175,187,Hospital_187
1176,265,Hospital_265
1177,295,Hospital_295
1178,496,Hospital_496
1179,77,Hospital_77
1180,391,Hospital_391
1181,240,Hospital_240
1182,113,Hospital_113
1183,619,Hospital_619
1184,163,Hospital_163
1185,131,Hospital_131
1186,375,Hospital_375
1187,1090,Hospital_1090
1188,764,Hospital_764
1189,14,Hospital_14
1190,657,Hospital_657
1191,362,Hospital_362
1192,989,Hospital_989
1193,990,Hospital_990
1194,680,Hospital_680
1195,411,Hospital_411
1196,241,Hospital_241
1197,558,Hospital_558
1198,167,Hospital_167
1199,248,Hospital_248
1200,224,Hospital_224
1201,591,Hospital_591
1202,586,Hospital_586
1203,453,Hospital_453
1204,145,Hospital_145
1205,511,Hospital_511
1206,530,Hospital_530
1207,6,Hospital_6
1208,161,Hospital_161
1209,623,Hospital_623
1210,349,Hospital_349
1211,875,Hospital_875
1212,946,Hospital_946
1213,1023,Hospital_1023
1214,1054,Hospital_1054
1215,1057,Hospital_1057
1216,1031,Hospital_1031
1217,1032,Hospital_1032
1218,1064,Hospital_1064
1219,226,Hospital_226
1220,687,Hospital_687
1221,745,Hospital_745
1222,109,Hospital_109
1223,808,Hospital_808
1224,971,Hospital_971
1225,128,Hospital_128
1226,919,Hospital_919
1227,725,Hospital_725
1228,3,Hospital_3
1229,15,Hospital_15
1230,264,Hospital_264
1231,867,Hospital_867
1232,910,Hospital_910
1233,1053,Hospital_1053
1234,1055,Hospital_1055
1235,1081,Hospital_1081
1236,1099,Hospital_1099
1237,1115,Hospital_1115
1238,529,Hospital_529
1239,345,Hospital_345
1240,515,Hospital_515
1241,174,Hospital_174
1242,523,Hospital_523
1243,697,Hospital_697
1244,239,Hospital_239
1245,287,Hospital_287
1246,377,Hospital_377
1247,692,Hospital_692
1248,435,Hospital_435
1249,423,Hospital_423
1250,351,Hospital_351
1251,810,Hospital_810
1252,830,Hospital_830
1253,892,Hospital_892
1254,921,Hospital_921
1255,991,Hospital_991
1256,992,Hospital_992
1257,993,Hospital_993
1258,1070,Hospital_1070
1259,1095,Hospital_1095
1260,1094,Hospital_1094
1261,1124,Hospital_1124
1262,473,Hospital_473
1263,663,Hospital_663
1264,552,Hospital_552
1265,772,Hospital_772
1266,568,Hospital_568
1267,398,Hospital_398
1268,394,Hospital_394
1269,614,Hospital_614
1270,235,Hospital_235
1271,616,Hospital_616
1272,267,Hospital_267
1273,565,Hospital_565
1274,220,Hospital_220
1275,278,Hospital_278
1276,107,Hospital_107
1277,711,Hospital_711
1278,204,Hospital_204
1279,579,Hospital_579
1280,348,Hospital_348
1281,766,Hospital_766
1282,761,Hospital_761
1283,728,Hospital_728
1284,280,Hospital_280
1285,222,Hospital_222
1286,276,Hospital_276
1287,11,Hospital_11
1288,302,Hospital_302
1289,682,Hospital_682
1290,279,Hospital_279
1291,282,Hospital_282
1292,281,Hospital_281
1293,183,Hospital_183
1294,610,Hospital_610
1295,116,Hospital_116
1296,115,Hospital_115
1297,114,Hospital_114
1298,119,Hospital_119
1299,770,Hospital_770
1300,583,Hospital_583
1301,136,Hospital_136
1302,469,Hospital_469
1303,642,Hospital_642
1304,674,Hospital_674
1305,193,Hospital_193
1306,526,Hospital_526
1307,698,Hospital_698
1308,630,Hospital_630
1309,124,Hospital_124
1310,364,Hospital_364
1311,439,Hospital_439
1312,570,Hospital_570
1313,123,Hospital_123
1314,310,Hospital_310
1315,571,Hospital_571
1316,296,Hospital_296
1317,566,Hospital_566
1318,784,Hospital_784
1319,102,Hospital_102
1320,379,Hospital_379
1321,639,Hospital_639
1322,457,Hospital_457
1323,609,Hospital_609
1324,101,Hospital_101
1325,454,Hospital_454
1326,318,Hospital_318
1327,600,Hospital_600
1328,545,Hospital_545
1329,100,Hospital_100
1330,702,Hospital_702
1331,778,Hospital_778
1332,341,Hospital_341
1333,99,Hospital_99
1334,767,Hospital_767
1335,359,Hospital_359
1336,98,Hospital_98
1337,132,Hospital_132
1338,97,Hospital_97
1339,103,Hospital_103
1340,110,Hospital_110
1341,94,Hospital_94
1342,91,Hospital_91
1343,664,Hospital_664
1344,918,Hospital_918
1345,92,Hospital_92
1346,95,Hospital_95
1347,301,Hospital_301
1348,492,Hospital_492
1349,811,Hospital_811
1350,812,Hospital_812
1351,832,Hospital_832
1352,841,Hospital_841
1353,856,Hospital_856
1354,859,Hospital_859
1355,861,Hospital_861
1356,880,Hospital_880
1357,883,Hospital_883
1358,884,Hospital_884
1359,877,Hospital_877
1360,911,Hospital_911
1361,913,Hospital_913
1362,922,Hospital_922
1363,923,Hospital_923
1364,924,Hospital_924
1365,947,Hospital_947
1366,951,Hospital_951
1367,1103,Hospital_1103
1368,972,Hospital_972
1369,973,Hospital_973
1370,974,Hospital_974
1371,975,Hospital_975
1372,960,Hospital_960
1373,1028,Hospital_1028
1374,976,Hospital_976
1375,977,Hospital_977
1376,1020,Hospital_1020
1377,994,Hospital_994
1378,995,Hospital_995
1379,1060,Hospital_1060
1380,1005,Hospital_1005
1381,1061,Hospital_1061
1382,1062,Hospital_1062
1383,1006,Hospital_1006
1384,1088,Hospital_1088
1385,1089,Hospital_1089
1386,1076,Hospital_1076
1387,1078,Hospital_1078
1388,1033,Hospital_1033
1389,1037,Hospital_1037
1390,1039,Hospital_1039
1391,1067,Hospital_1067
1392,1065,Hospital_1065
1393,1066,Hospital_1066
1394,1100,Hospital_1100
1395,1105,Hospital_1105
1396,1107,Hospital_1107
1397,1111,Hospital_1111
1398,1121,Hospital_1121
1399,1119,Hospital_1119
1400,207,Hospital_207
1401,431,Hospital_431
1402,387,Hospital_387
1403,179,Hospital_179
1404,606,Hospital_606
1405,925,Hospital_925
1406,541,Hospital_541
1407,797,Hospital_797
1408,627,Hospital_627
1409,173,Hospital_173
1410,636,Hospital_636
1411,205,Hospital_205
1412,814,Hospital_814
1413,881,Hospital_881
1414,771,Hospital_771
1415,533,Hospital_533
1416,447,Hospital_447
1417,815,Hospital_815
1418,801,Hospital_801
1419,800,Hospital_800
1420,389,Hospital_389
1421,695,Hospital_695
1422,816,Hospital_816
1423,833,Hospital_833
1424,870,Hospital_870
1425,927,Hospital_927
1426,961,Hospital_961
1427,962,Hospital_962
1428,1079,Hospital_1079
1429,1101,Hospital_1101
1430,666,Hospital_666
1431,392,Hospital_392
1432,790,Hospital_790
1433,650,Hospital_650
1434,876,Hospital_876
1435,944,Hospital_944
1436,952,Hospital_952
1437,54,Hospital_54
1438,367,Hospital_367
1439,538,Hospital_538
1440,557,Hospital_557
1441,653,Hospital_653
1442,647,Hospital_647
1443,978,Hospital_978
1444,996,Hospital_996
1445,729,Hospital_729
1446,182,Hospital_182
1447,633,Hospital_633
1448,685,Hospital_685
1449,683,Hospital_683
1450,945,Hospital_945
1451,953,Hospital_953
1452,1022,Hospital_1022
1453,1049,Hospital_1049
1454,794,Hospital_794
1455,415,Hospital_415
1456,592,Hospital_592
1457,497,Hospital_497
1458,458,Hospital_458
1459,726,Hospital_726
1460,272,Hospital_272
1461,805,Hospital_805
1462,234,Hospital_234
1463,64,Hospital_64
1464,842,Hospital_842
1465,843,Hospital_843
1466,803,Hospital_803
1467,448,Hospital_448
1468,151,Hospital_151
1469,425,Hospital_425
1470,300,Hospital_300
1471,339,Hospital_339
1472,874,Hospital_874
1473,905,Hospital_905
1474,1123,Hospital_1123
1475,736,Hospital_736
1476,459,Hospital_459
1477,320,Hospital_320
1478,45,Hospital_45
1479,618,Hospital_618
1480,463,Hospital_463
1481,891,Hospital_891
1482,958,Hospital_958
1483,244,Hospital_244
1484,28,Hospital_28
1485,444,Hospital_444
1486,479,Hospital_479
1487,285,Hospital_285
1488,253,Hospital_253
1489,481,Hospital_481
1490,540,Hospital_540
1491,41,Hospital_41
1492,510,Hospital_510
1493,305,Hospital_305
1494,708,Hospital_708
1495,755,Hospital_755
1496,750,Hospital_750
1497,696,Hospital_696
1498,421,Hospital_421
1499,827,Hospital_827
1500,933,Hospital_933
1501,1030,Hospital_1030
1502,1003,Hospital_1003
1503,1050,Hospital_1050
1504,1043,Hospital_1043
1505,1128,Hospital_1128
1506,1125,Hospital_1125
1507,1135,Hospital_1135
1508,934,Hospital_934
1509,629,Hospital_629
1510,21,Hospital_21
1511,615,Hospital_615
1512,626,Hospital_626
1513,417,Hospital_417
1514,597,Hospital_597
1515,539,Hospital_539
1516,343,Hospital_343
1517,135,Hospital_135
1518,158,Hospital_158
1519,775,Hospital_775
1520,177,Hospital_177
1521,578,Hospital_578
1522,416,Hospital_416
1523,561,Hospital_561
1524,62,Hospital_62
1525,828,Hospital_828
1526,860,Hospital_860
1527,935,Hospital_935
1528,936,Hospital_936
1529,986,Hospital_986
1530,987,Hospital_987
1531,1021,Hospital_1021
1532,1085,Hospital_1085
1533,658,Hospital_658
1534,353,Hospital_353
1535,323,Hospital_323
1536,620,Hospital_620
1537,384,Hospital_384
1538,554,Hospital_554
1539,209,Hospital_209
1540,707,Hospital_707
1541,395,Hospital_395
1542,969,Hospital_969
1543,1052,Hospital_1052
1544,739,Hospital_739
1545,613,Hospital_613
1546,593,Hospital_593
1547,704,Hospital_704
1548,493,Hospital_493
1549,686,Hospital_686
1550,257,Hospital_257
1551,494,Hospital_494
1552,681,Hospital_681
1553,329,Hospital_329
1554,87,Hospital_87
1555,527,Hospital_527
1556,562,Hospital_562
1557,251,Hospital_251
1558,129,Hospital_129
1559,154,Hospital_154
1560,516,Hospital_516
1561,184,Hospital_184
1562,652,Hospital_652
1563,445,Hospital_445
1564,306,Hospital_306
1565,78100,Hospital_78100
1566,77900,Hospital_77900
1567,90800,Hospital_90800
1568,73200,Hospital_73200
1569,56900,Hospital_56900
1570,15600,Hospital_15600
1571,9300,Hospital_9300
1572,105900,Hospital_105900
1573,106200,Hospital_106200
1574,106300,Hospital_106300
1575,103400,Hospital_103400
1576,20800,Hospital_20800
1577,30800,Hospital_30800
1578,3900,Hospital_3900
1579,38800,Hospital_38800
1580,70300,Hospital_70300
1581,47400,Hospital_47400
1582,50700,Hospital_50700
1583,6300,Hospital_6300
1584,18800,Hospital_18800
1585,8300,Hospital_8300
1586,8500,Hospital_8500
1587,8600,Hospital_8600
1588,1150,Hospital_1150
1589,1035,Hospital_1035
1590,1151,Hospital_1151
1591,1127,Hospital_1127
1592,1158,Hospital_1158
1593,1147,Hospital_1147
1594,1159,Hospital_1159
1595,1156,Hospital_1156
1596,1155,Hospital_1155
1597,1152,Hospital_1152
1598,1153,Hospital_1153
1599,1154,Hospital_1154
1600,332,Hospital_332
1601,1149,Hospital_1149
1602,1148,Hospital_1148
1603,1166,Hospital_1166
1604,1169,Hospital_1169
1605,1157,Hospital_1157
1606,1163,Hospital_1163
1607,1170,Hospital_1170
1608,1168,Hospital_1168
1609,1116,Hospital_1116
1610,671,Hospital_671
1611,1171,Hospital_1171
1612,1160,Hospital_1160
1613,1172,Hospital_1172
1614,1164,Hospital_1164
1615,1165,Hospital_1165
1616,1161,Hospital_1161
1617,113,Hospital_113
1618,619,Hospital_619
1619,163,Hospital_163
1620,131,Hospital_131
1621,375,Hospital_375
1622,1090,Hospital_1090
1623,764,Hospital_764
1624,14,Hospital_14
1625,657,Hospital_657
1626,362,Hospital_362
1627,989,Hospital_989
1628,990,Hospital_990
1629,680,Hospital_680
1630,411,Hospital_411
1631,241,Hospital_241
1632,558,Hospital_558
1633,248,Hospital_248
1634,224,Hospital_224
1635,591,Hospital_591
1636,586,Hospital_586
1637,453,Hospital_453
1638,145,Hospital_145
1639,511,Hospital_511
1640,530,Hospital_530
1641,6,Hospital_6
1642,161,Hospital_161
1643,623,Hospital_623
1644,875,Hospital_875
1645,946,Hospital_946
1646,1023,Hospital_1023
1647,1054,Hospital_1054
1648,1057,Hospital_1057
1649,1031,Hospital_1031
1650,1032,Hospital_1032
1651,1064,Hospital_1064
1652,226,Hospital_226
1653,687,Hospital_687
1654,109,Hospital_109
1655,808,Hospital_808
1656,128,Hospital_128
1657,919,Hospital_919
1658,1150,Hospital_1150
1659,725,Hospital_725
1660,3,Hospital_3
1661,306,Hospital_306
1662,15,Hospital_15
1663,264,Hospital_264
1664,867,Hospital_867
1665,910,Hospital_910
1666,1053,Hospital_1053
1667,1055,Hospital_1055
1668,1081,Hospital_1081
1669,1115,Hospital_1115
1670,529,Hospital_529
1671,345,Hospital_345
1672,515,Hospital_515
1673,174,Hospital_174
1674,523,Hospital_523
1675,697,Hospital_697
1676,239,Hospital_239
1677,287,Hospital_287
1678,377,Hospital_377
1679,692,Hospital_692
1680,435,Hospital_435
1681,423,Hospital_423
1682,351,Hospital_351
1683,810,Hospital_810
1684,830,Hospital_830
1685,892,Hospital_892
1686,921,Hospital_921
1687,991,Hospital_991
1688,992,Hospital_992
1689,993,Hospital_993
1690,1070,Hospital_1070
1691,1095,Hospital_1095
1692,1094,Hospital_1094
1693,1124,Hospital_1124
1694,473,Hospital_473
1695,663,Hospital_663
1696,552,Hospital_552
1697,772,Hospital_772
1698,568,Hospital_568
1699,398,Hospital_398
1700,394,Hospital_394
1701,614,Hospital_614
1702,235,Hospital_235
1703,616,Hospital_616
1704,267,Hospital_267
1705,565,Hospital_565
1706,220,Hospital_220
1707,278,Hospital_278
1708,107,Hospital_107
1709,711,Hospital_711
1710,204,Hospital_204
1711,348,Hospital_348
1712,766,Hospital_766
1713,761,Hospital_761
1714,728,Hospital_728
1715,280,Hospital_280
1716,222,Hospital_222
1717,276,Hospital_276
1718,11,Hospital_11
1719,302,Hospital_302
1720,682,Hospital_682
1721,279,Hospital_279
1722,282,Hospital_282
1723,281,Hospital_281
1724,183,Hospital_183
1725,610,Hospital_610
1726,116,Hospital_116
1727,115,Hospital_115
1728,114,Hospital_114
1729,119,Hospital_119
1730,770,Hospital_770
1731,583,Hospital_583
1732,136,Hospital_136
1733,469,Hospital_469
1734,642,Hospital_642
1735,674,Hospital_674
1736,193,Hospital_193
1737,526,Hospital_526
1738,698,Hospital_698
1739,630,Hospital_630
1740,124,Hospital_124
1741,364,Hospital_364
1742,439,Hospital_439
1743,570,Hospital_570
1744,123,Hospital_123
1745,310,Hospital_310
1746,571,Hospital_571
1747,296,Hospital_296
1748,566,Hospital_566
1749,784,Hospital_784
1750,102,Hospital_102
1751,639,Hospital_639
1752,457,Hospital_457
1753,609,Hospital_609
1754,101,Hospital_101
1755,454,Hospital_454
1756,318,Hospital_318
1757,600,Hospital_600
1758,545,Hospital_545
1759,100,Hospital_100
1760,702,Hospital_702
1761,778,Hospital_778
1762,341,Hospital_341
1763,99,Hospital_99
1764,767,Hospital_767
1765,359,Hospital_359
1766,98,Hospital_98
1767,132,Hospital_132
1768,97,Hospital_97
1769,103,Hospital_103
1770,110,Hospital_110
1771,94,Hospital_94
1772,91,Hospital_91
1773,664,Hospital_664
1774,918,Hospital_918
1775,92,Hospital_92
1776,95,Hospital_95
1777,301,Hospital_301
1778,492,Hospital_492
1779,811,Hospital_811
1780,812,Hospital_812
1781,832,Hospital_832
1782,841,Hospital_841
1783,856,Hospital_856
1784,859,Hospital_859
1785,861,Hospital_861
1786,880,Hospital_880
1787,883,Hospital_883
1788,884,Hospital_884
1789,877,Hospital_877
1790,911,Hospital_911
1791,913,Hospital_913
1792,922,Hospital_922
1793,923,Hospital_923
1794,924,Hospital_924
1795,947,Hospital_947
1796,951,Hospital_951
1797,1103,Hospital_1103
1798,972,Hospital_972
1799,973,Hospital_973
1800,974,Hospital_974
1801,975,Hospital_975
1802,960,Hospital_960
1803,1028,Hospital_1028
1804,976,Hospital_976
1805,977,Hospital_977
1806,1020,Hospital_1020
1807,994,Hospital_994
1808,995,Hospital_995
1809,1060,Hospital_1060
1810,1005,Hospital_1005
1811,1061,Hospital_1061
1812,1062,Hospital_1062
1813,1006,Hospital_1006
1814,1088,Hospital_1088
1815,1089,Hospital_1089
1816,1076,Hospital_1076
1817,1078,Hospital_1078
1818,1033,Hospital_1033
1819,1037,Hospital_1037
1820,1039,Hospital_1039
1821,1067,Hospital_1067
1822,1065,Hospital_1065
1823,1066,Hospital_1066
1824,1100,Hospital_1100
1825,1105,Hospital_1105
1826,1107,Hospital_1107
1827,1111,Hospital_1111
1828,1121,Hospital_1121
1829,1119,Hospital_1119
1830,207,Hospital_207
1831,431,Hospital_431
1832,387,Hospital_387
1833,179,Hospital_179
1834,606,Hospital_606
1835,925,Hospital_925
1836,541,Hospital_541
1837,797,Hospital_797
1838,627,Hospital_627
1839,173,Hospital_173
1840,636,Hospital_636
1841,205,Hospital_205
1842,814,Hospital_814
1843,881,Hospital_881
1844,771,Hospital_771
1845,533,Hospital_533
1846,447,Hospital_447
1847,815,Hospital_815
1848,800,Hospital_800
1849,389,Hospital_389
1850,1163,Hospital_1163
1851,816,Hospital_816
1852,833,Hospital_833
1853,870,Hospital_870
1854,927,Hospital_927
1855,962,Hospital_962
1856,1079,Hospital_1079
1857,1101,Hospital_1101
1858,666,Hospital_666
1859,392,Hospital_392
1860,790,Hospital_790
1861,650,Hospital_650
1862,876,Hospital_876
1863,944,Hospital_944
1864,952,Hospital_952
1865,54,Hospital_54
1866,367,Hospital_367
1867,538,Hospital_538
1868,557,Hospital_557
1869,653,Hospital_653
1870,647,Hospital_647
1871,978,Hospital_978
1872,996,Hospital_996
1873,729,Hospital_729
1874,182,Hospital_182
1875,685,Hospital_685
1876,953,Hospital_953
1877,1151,Hospital_1151
1878,794,Hospital_794
1879,415,Hospital_415
1880,592,Hospital_592
1881,497,Hospital_497
1882,726,Hospital_726
1883,272,Hospital_272
1884,805,Hospital_805
1885,64,Hospital_64
1886,842,Hospital_842
1887,843,Hospital_843
1888,1127,Hospital_1127
1889,1158,Hospital_1158
1890,803,Hospital_803
1891,211,Hospital_211
1892,773,Hospital_773
1893,424,Hospital_424
1894,298,Hospital_298
1895,594,Hospital_594
1896,237,Hospital_237
1897,16,Hospital_16
1898,768,Hospital_768
1899,617,Hospital_617
1900,297,Hospital_297
1901,105,Hospital_105
1902,544,Hospital_544
1903,804,Hospital_804
1904,104,Hospital_104
1905,20,Hospital_20
1906,550,Hospital_550
1907,112,Hospital_112
1908,818,Hospital_818
1909,882,Hospital_882
1910,914,Hospital_914
1911,928,Hospital_928
1912,964,Hospital_964
1913,1026,Hospital_1026
1914,1068,Hospital_1068
1915,1108,Hospital_1108
1916,404,Hospital_404
1917,270,Hospital_270
1918,676,Hospital_676
1919,997,Hospital_997
1920,1118,Hospital_1118
1921,734,Hospital_734
1922,299,Hospital_299
1923,1046,Hospital_1046
1924,420,Hospital_420
1925,802,Hospital_802
1926,266,Hospital_266
1927,769,Hospital_769
1928,776,Hospital_776
1929,640,Hospital_640
1930,315,Hospital_315
1931,40,Hospital_40
1932,508,Hospital_508
1933,46,Hospital_46
1934,590,Hospital_590
1935,777,Hospital_777
1936,897,Hospital_897
1937,965,Hospital_965
1938,376,Hospital_376
1939,1102,Hospital_1102
1940,1147,Hospital_1147
1941,712,Hospital_712
1942,32,Hospital_32
1943,361,Hospital_361
1944,486,Hospital_486
1945,595,Hospital_595
1946,433,Hospital_433
1947,1058,Hospital_1058
1948,261,Hospital_261
1949,221,Hospital_221
1950,506,Hospital_506
1951,727,Hospital_727
1952,355,Hospital_355
1953,487,Hospital_487
1954,938,Hospital_938
1955,999,Hospital_999
1956,798,Hospital_798
1957,504,Hospital_504
1958,247,Hospital_247
1959,216,Hospital_216
1960,65,Hospital_65
1961,472,Hospital_472
1962,427,Hospital_427
1963,491,Hospital_491
1964,551,Hospital_551
1965,106,Hospital_106
1966,819,Hospital_819
1967,836,Hospital_836
1968,915,Hospital_915
1969,942,Hospital_942
1970,1140,Hospital_1140
1971,748,Hospital_748
1972,198,Hospital_198
1973,871,Hospital_871
1974,948,Hospital_948
1975,1051,Hospital_1051
1976,1083,Hospital_1083
1977,1096,Hospital_1096
1978,1159,Hospital_1159
1979,679,Hospital_679
1980,176,Hospital_176
1981,537,Hospital_537
1982,608,Hospital_608
1983,596,Hospital_596
1984,749,Hospital_749
1985,758,Hospital_758
1986,1104,Hospital_1104
1987,567,Hospital_567
1988,677,Hospital_677
1989,670,Hospital_670
1990,588,Hospital_588
1991,753,Hospital_753
1992,887,Hospital_887
1993,245,Hospital_245
1994,603,Hospital_603
1995,426,Hospital_426
1996,232,Hospital_232
1997,288,Hospital_288
1998,246,Hospital_246
1999,284,Hospital_284
2000,18,Hospital_18
2001,356,Hospital_356
2002,401,Hospital_401
2003,733,Hospital_733
2004,243,Hospital_243
2005,380,Hospital_380
2006,716,Hospital_716
2007,534,Hospital_534
2008,185,Hospital_185
2009,258,Hospital_258
2010,505,Hospital_505
2011,268,Hospital_268
2012,602,Hospital_602
2013,254,Hospital_254
2014,705,Hospital_705
2015,133,Hospital_133
2016,33,Hospital_33
2017,143,Hospital_143
2018,36,Hospital_36
2019,756,Hospital_756
2020,662,Hospital_662
2021,192,Hospital_192
2022,382,Hospital_382
2023,322,Hospital_322
2024,478,Hospital_478
2025,352,Hospital_352
2026,628,Hospital_628
2027,495,Hospital_495
2028,845,Hospital_845
2029,498,Hospital_498
2030,314,Hospital_314
2031,720,Hospital_720
2032,721,Hospital_721
2033,485,Hospital_485
2034,273,Hospital_273
2035,846,Hospital_846
2036,847,Hospital_847
2037,848,Hospital_848
2038,916,Hospital_916
2039,930,Hospital_930
2040,954,Hospital_954
2041,943,Hospital_943
2042,949,Hospital_949
2043,980,Hospital_980
2044,981,Hospital_981
2045,1024,Hospital_1024
2046,1017,Hospital_1017
2047,1000,Hospital_1000
2048,1018,Hospital_1018
2049,1001,Hospital_1001
2050,1007,Hospital_1007
2051,1008,Hospital_1008
2052,1010,Hospital_1010
2053,1011,Hospital_1011
2054,1012,Hospital_1012
2055,1013,Hospital_1013
2056,1041,Hospital_1041
2057,1073,Hospital_1073
2058,1087,Hospital_1087
2059,1109,Hospital_1109
2060,1110,Hospital_1110
2061,1112,Hospital_1112
2062,1156,Hospital_1156
2063,1155,Hospital_1155
2064,1148,Hospital_1148
2065,1126,Hospital_1126
2066,1160,Hospital_1160
2067,1152,Hospital_1152
2068,789,Hospital_789
2069,326,Hospital_326
2070,442,Hospital_442
2071,294,Hospital_294
2072,378,Hospital_378
2073,402,Hospital_402
2074,29,Hospital_29
2075,450,Hospital_450
2076,333,Hospital_333
2077,684,Hospital_684
2078,422,Hospital_422
2079,763,Hospital_763
2080,553,Hospital_553
2081,899,Hospital_899
2082,900,Hospital_900
2083,950,Hospital_950
2084,966,Hospital_966
2085,967,Hospital_967
2086,982,Hospital_982
2087,1080,Hospital_1080
2088,1074,Hospital_1074
2089,1084,Hospital_1084
2090,1113,Hospital_1113
2091,1137,Hospital_1137
2092,722,Hospital_722
2093,660,Hospital_660
2094,75,Hospital_75
2095,249,Hospital_249
2096,227,Hospital_227
2097,150,Hospital_150
2098,47,Hospital_47
2099,172,Hospital_172
2100,581,Hospital_581
2101,120,Hospital_120
2102,445,Hospital_445
2103,471,Hospital_471
2104,53,Hospital_53
2105,199,Hospital_199
2106,575,Hospital_575
2107,528,Hospital_528
2108,631,Hospital_631
2109,699,Hospital_699
2110,823,Hospital_823
2111,849,Hospital_849
2112,869,Hospital_869
2113,955,Hospital_955
2114,983,Hospital_983
2115,1002,Hospital_1002
2116,1015,Hospital_1015
2117,1153,Hospital_1153
2118,51,Hospital_51
2119,441,Hospital_441
2120,327,Hospital_327
2121,690,Hospital_690
2122,262,Hospital_262
2123,403,Hospital_403
2124,312,Hospital_312
2125,589,Hospital_589
2126,665,Hospital_665
2127,334,Hospital_334
2128,1075,Hospital_1075
2129,751,Hospital_751
2130,646,Hospital_646
2131,536,Hospital_536
2132,242,Hospital_242
2133,490,Hospital_490
2134,500,Hospital_500
2135,206,Hospital_206
2136,58,Hospital_58
2137,572,Hospital_572
2138,180,Hospital_180
2139,549,Hospital_549
2140,582,Hospital_582
2141,743,Hospital_743
2142,795,Hospital_795
2143,269,Hospital_269
2144,634,Hospital_634
2145,1,Hospital_1
2146,717,Hospital_717
2147,373,Hospital_373
2148,824,Hospital_824
2149,888,Hospital_888
2150,902,Hospital_902
2151,968,Hospital_968
2152,1154,Hospital_1154
2153,1130,Hospital_1130
2154,1141,Hospital_1141
2155,1145,Hospital_1145
2156,1122,Hospital_1122
2157,1133,Hospital_1133
2158,27,Hospital_27
2159,165,Hospital_165
2160,956,Hospital_956
2161,149,Hospital_149
2162,612,Hospital_612
2163,559,Hospital_559
2164,7,Hospital_7
2165,283,Hospital_283
2166,37,Hospital_37
2167,153,Hospital_153
2168,547,Hospital_547
2169,397,Hospital_397
2170,556,Hospital_556
2171,42,Hospital_42
2172,31,Hospital_31
2173,740,Hospital_740
2174,217,Hospital_217
2175,863,Hospital_863
2176,889,Hospital_889
2177,984,Hospital_984
2178,1106,Hospital_1106
2179,1146,Hospital_1146
2180,34,Hospital_34
2181,791,Hospital_791
2182,430,Hospital_430
2183,715,Hospital_715
2184,524,Hospital_524
2185,432,Hospital_432
2186,19,Hospital_19
2187,25,Hospital_25
2188,26,Hospital_26
2189,890,Hospital_890
2190,904,Hospital_904
2191,957,Hospital_957
2192,939,Hospital_939
2193,236,Hospital_236
2194,735,Hospital_735
2195,363,Hospital_363
2196,187,Hospital_187
2197,295,Hospital_295
2198,496,Hospital_496
2199,391,Hospital_391
2200,240,Hospital_240
2201,448,Hospital_448
2202,425,Hospital_425
2203,300,Hospital_300
2204,339,Hospital_339
2205,874,Hospital_874
2206,905,Hospital_905
2207,1123,Hospital_1123
2208,736,Hospital_736
2209,459,Hospital_459
2210,320,Hospital_320
2211,45,Hospital_45
2212,618,Hospital_618
2213,463,Hospital_463
2214,891,Hospital_891
2215,958,Hospital_958
2216,244,Hospital_244
2217,28,Hospital_28
2218,444,Hospital_444
2219,479,Hospital_479
2220,285,Hospital_285
2221,253,Hospital_253
2222,481,Hospital_481
2223,540,Hospital_540
2224,332,Hospital_332
2225,41,Hospital_41
2226,510,Hospital_510
2227,421,Hospital_421
2228,827,Hospital_827
2229,933,Hospital_933
2230,1030,Hospital_1030
2231,1043,Hospital_1043
2232,1125,Hospital_1125
2233,1164,Hospital_1164
2234,1165,Hospital_1165
2235,934,Hospital_934
2236,629,Hospital_629
2237,21,Hospital_21
2238,615,Hospital_615
2239,626,Hospital_626
2240,417,Hospital_417
2241,597,Hospital_597
2242,539,Hospital_539
2243,343,Hospital_343
2244,135,Hospital_135
2245,158,Hospital_158
2246,775,Hospital_775
2247,177,Hospital_177
2248,578,Hospital_578
2249,416,Hospital_416
2250,561,Hospital_561
2251,62,Hospital_62
2252,828,Hospital_828
2253,860,Hospital_860
2254,935,Hospital_935
2255,936,Hospital_936
2256,986,Hospital_986
2257,987,Hospital_987
2258,1021,Hospital_1021
2259,1085,Hospital_1085
2260,658,Hospital_658
2261,353,Hospital_353
2262,323,Hospital_323
2263,620,Hospital_620
2264,384,Hospital_384
2265,554,Hospital_554
2266,209,Hospital_209
2267,707,Hospital_707
2268,395,Hospital_395
2269,969,Hospital_969
2270,1052,Hospital_1052
2271,739,Hospital_739
2272,613,Hospital_613
2273,593,Hospital_593
2274,704,Hospital_704
2275,686,Hospital_686
2276,257,Hospital_257
2277,681,Hospital_681
2278,286,Hospital_286
2279,255,Hospital_255
2280,79,Hospital_79
2281,81,Hospital_81
2282,688,Hospital_688
2283,531,Hospital_531
2284,514,Hospital_514
2285,499,Hospital_499
2286,532,Hospital_532
2287,190,Hospital_190
2288,598,Hospital_598
2289,260,Hospital_260
2290,838,Hospital_838
2291,839,Hospital_839
2292,851,Hospital_851
2293,852,Hospital_852
2294,988,Hospital_988
2295,1056,Hospital_1056
2296,1044,Hospital_1044
2297,1114,Hospital_1114
2298,1129,Hospital_1129
2299,644,Hospital_644
2300,752,Hospital_752
2301,238,Hospital_238
2302,325,Hospital_325
2303,622,Hospital_622
2304,879,Hospital_879
2305,906,Hospital_906
2306,370,Hospital_370
2307,418,Hospital_418
2308,574,Hospital_574
2309,399,Hospital_399
2310,195,Hospital_195
2311,783,Hospital_783
2312,263,Hospital_263
2313,194,Hospital_194
2314,214,Hospital_214
2315,785,Hospital_785
2316,780,Hospital_780
2317,782,Hospital_782
2318,369,Hospital_369
2319,713,Hospital_713
2320,941,Hospital_941
2321,1091,Hospital_1091
2322,1045,Hospital_1045
2323,1086,Hospital_1086
2324,1149,Hospital_1149
2325,937,Hospital_937
2326,1004,Hospital_1004
2327,737,Hospital_737
2328,765,Hospital_765
2329,329,Hospital_329
2330,87,Hospital_87
2331,527,Hospital_527
2332,562,Hospital_562
2333,251,Hospital_251
2334,129,Hospital_129
2335,154,Hospital_154
2336,516,Hospital_516
2337,184,Hospital_184
2338,652,Hospital_652
2339,637,Hospital_637
2340,88,Hospital_88
2341,907,Hospital_907
2342,970,Hospital_970
2343,1019,Hospital_1019
2344,1016,Hospital_1016
2345,1161,Hospital_1161
2346,1047,Hospital_1047
2347,635,Hospital_635
2348,186,Hospital_186
2349,346,Hospital_346
2350,633,Hospital_633
2351,971,Hospital_971
2352,1069,Hospital_1069
2353,458,Hospital_458
2354,234,Hospital_234
2355,695,Hospital_695
2356,167,Hospital_167
2357,349,Hospital_349
2358,579,Hospital_579
2359,379,Hospital_379
2360,754,Hospital_754
2361,645,Hospital_645
2362,17,Hospital_17
2363,461,Hospital_461
2364,886,Hospital_886
2365,835,Hospital_835
2366,654,Hospital_654
2367,1120,Hospital_1120
2368,357,Hospital_357
2369,535,Hospital_535
2370,413,Hospital_413
2371,181,Hospital_181
2372,521,Hospital_521
2373,265,Hospital_265
2374,77,Hospital_77
2375,151,Hospital_151
2376,494,Hospital_494
2377,146,Hospital_146
2378,1014,Hospital_1014
2379,708,Hospital_708
2380,745,Hospital_745
2381,1099,Hospital_1099
2382,335,Hospital_335
2383,801,Hospital_801
2384,961,Hospital_961
2385,683,Hospital_683
2386,945,Hospital_945
2387,1022,Hospital_1022
2388,1049,Hospital_1049
2389,5,Hospital_5
2390,730,Hospital_730
2391,577,Hospital_577
2392,788,Hospital_788
2393,865,Hospital_865
2394,979,Hospital_979
2395,998,Hospital_998
2396,1072,Hospital_1072
2397,709,Hospital_709
2398,137,Hospital_137
2399,621,Hospital_621
2400,793,Hospital_793
2401,436,Hospital_436
2402,291,Hospital_291
2403,1009,Hospital_1009
2404,656,Hospital_656
2405,668,Hospital_668
2406,741,Hospital_741
2407,932,Hospital_932
2408,275,Hospital_275
2409,305,Hospital_305
2410,755,Hospital_755
2411,750,Hospital_750
2412,696,Hospital_696
2413,1003,Hospital_1003
2414,1050,Hospital_1050
2415,1128,Hospital_1128
2416,493,Hospital_493
